temp_id,nombre,descripcion,ingredientes,precio,disponible,categoria,restaurante_id
6645fc6c-2941-4cb9-a471-1055fcd01ece,Aspernatur,Pariatur soluta iure quam.,"cumque, accusantium",133.96,True,Postre,fcf3885c-fe1f-408a-b3d0-b7f74fb368f4
38d8917e-3fb5-46ce-8a13-aa77871c51f1,Cum,Molestias harum harum in iusto beatae vel.,"dolore, aliquid, voluptas",103.42,True,Entrada,017e1cd1-5bbe-428a-a468-214a2d2f1fe0
28627e70-4645-4d7e-b002-10e55439520d,Quo,Recusandae amet placeat autem.,"repudiandae, quas, delectus, sequi",149.48,True,Bebida,9eee8071-3181-471d-a6a5-5a808cca9980
571ee14f-7b74-4bb6-87eb-ee33140d09f5,Possimus,Ad consectetur debitis.,"nulla, recusandae, deleniti",193.81,False,Bebida,876ad4fc-44cf-4655-b2ac-3464e13bde59
d281150a-901e-4ab9-963d-d0578588588a,Eum,Perspiciatis non ab tenetur debitis.,"error, voluptatem, error, sit, est",111.69,False,Plato fuerte,1d84f804-ca56-4e53-b6ae-490114b33e33
1d06a4de-98d2-42c9-bb0c-8f2a157c8a0d,Alias,Rem eveniet illum fugiat necessitatibus nam voluptatibus.,"nisi, quod, et",131.75,False,Entrada,0960ad33-b10b-421f-b49a-f7529289e006
ffc4a726-de0b-4ee5-ab3e-c2be5d209bd0,Illo,Esse repudiandae odio nam ducimus.,"reiciendis, asperiores, et, nulla",98.77,True,Bebida,3e8afa40-cc93-4fb0-b129-b224ff23627f
1092a833-619e-407e-88dd-db16d3372e5a,Ipsum,Sequi quas nesciunt.,"excepturi, quos, saepe, maxime, tempore",203.5,False,Plato fuerte,26f1c534-aee4-4776-95c5-91368050a207
a10e9eb6-82f3-4f4e-ad1a-13cf7bb1ea62,Amet,Natus molestiae rem ipsam placeat ad.,"tempore, eos, facilis, velit",147.58,True,Bebida,c4028316-b6a2-426a-9984-77968bb10f25
39d59a2b-5613-4dda-ae3e-a7bdaa343e1a,Veniam,Omnis sit pariatur id quibusdam.,"velit, dignissimos",236.0,True,Entrada,d9518fbd-6ac6-412b-a599-b54fb620afa3
4b798fb4-0997-4508-b064-89dbb7e485d2,Reiciendis,Nesciunt neque itaque asperiores.,"optio, dolor, temporibus",161.24,False,Postre,f83e29db-97ff-4499-8a30-55118cb97139
ac2444f8-2c5e-4921-bff9-56417b63bda1,Impedit,Totam nobis quis voluptates vitae illum voluptas.,"dignissimos, consequuntur, molestiae",200.87,True,Postre,c4028316-b6a2-426a-9984-77968bb10f25
62eef1a6-6075-4a06-9675-34bfa71916d9,Eveniet,Architecto et maiores optio rerum.,"corrupti, aspernatur, tempore, nostrum, iusto",201.02,False,Postre,eab3afd1-a29a-4208-af86-8517249ebefb
5bc73c9d-7dfb-4cd8-9ec5-f09dfdf6736e,Corrupti,Quas aliquam illo quae doloribus.,"occaecati, ducimus, nemo, placeat",125.28,False,Plato fuerte,bd4b3ffe-2927-4c4a-ba84-81e26d3f9747
6c530e8f-4f2f-4c00-8165-bde4ca733cbd,Quidem,Enim magni vero iste natus ipsa temporibus.,"dolorem, debitis",187.46,True,Bebida,bd4b3ffe-2927-4c4a-ba84-81e26d3f9747
6778a555-e6a3-45be-9514-09b0008c997d,Ducimus,Beatae doloremque dignissimos fugit sapiente.,"quidem, error",283.61,True,Plato fuerte,4080a4cd-67a8-4bd3-b46e-6f7351c10029
4c09c183-0605-413d-9cf0-f8409d81bf46,Fugit,Beatae occaecati architecto ea nulla accusantium eligendi.,"voluptate, excepturi, quis, ullam, labore",52.65,True,Postre,1d84f804-ca56-4e53-b6ae-490114b33e33
4bd7a431-8d23-4902-b070-df21e861d432,Impedit,Quia repudiandae voluptas libero.,"ut, eligendi, nisi",95.29,True,Plato fuerte,c6d84d3f-cc5c-46b5-b04b-8bcdc650c6e8
8220ebce-18f6-48d8-b00f-f3325266a46b,Animi,Sit eius id vero occaecati optio.,"error, soluta, debitis",200.03,True,Bebida,f83e29db-97ff-4499-8a30-55118cb97139
65986499-f034-4fbf-b497-91541766aea7,Adipisci,Inventore earum aspernatur.,"occaecati, similique, fugiat",244.14,False,Entrada,1d84f804-ca56-4e53-b6ae-490114b33e33
53a9591b-4335-4c42-bda3-8f0cf639a482,Provident,Officiis iusto dolores eius minima mollitia neque.,"atque, consectetur, sapiente, placeat, quasi",87.23,True,Postre,fcf3885c-fe1f-408a-b3d0-b7f74fb368f4
0f9b41df-f457-47d8-882a-009719ca6dc1,Nemo,Illum vel excepturi minima.,"adipisci, ipsum, quasi, accusamus",116.6,True,Bebida,347efec1-5946-47c8-b52e-d9ae8db478d2
aaf1eccd-cd7c-4824-b535-629793a49a87,Labore,Ipsum mollitia praesentium excepturi quod odit.,"quod, itaque, occaecati, aut",165.63,False,Postre,c04f7129-a8f4-440d-aa94-0aa304878ea4
aca8321a-140e-4c7b-b2ed-e214c6a53e62,Natus,Cum deleniti officia itaque.,"eligendi, deleniti, cumque, omnis",249.97,False,Bebida,7c2b48e5-32c2-47c6-9c53-17fc38ef7512
a5f02198-6423-4b7d-95f2-41ca1f40dcb3,Quis,Nulla assumenda aliquid hic eligendi commodi.,"eum, nisi, eaque, quidem",61.59,True,Bebida,de7234fe-8869-44d6-a05f-ac03f827f1da
076ddf28-6f80-4159-a816-c827779d26e6,Expedita,Commodi at assumenda minus.,"sapiente, mollitia, tempore",60.3,False,Bebida,3aaadacc-7046-49c6-ba9b-b0fa7f32365a
5ca4bdb7-307f-44f8-a6d6-1961dac73435,Excepturi,Debitis et iure sit.,"aliquid, natus, consequuntur",251.0,False,Bebida,d51ad8fc-0cc6-46ea-bf31-40ca0a04c48e
5a0188cf-b85d-4640-890e-5361196a6d90,Provident,Eum eius consequatur nisi nisi.,"harum, nihil, magnam",299.83,True,Plato fuerte,cd8f5802-9185-45fb-8d41-e140e37333c1
759c2f29-57df-462f-ba4b-d05a457c75b7,Dignissimos,Ab magni quae.,"voluptates, repellat, corrupti",96.35,True,Entrada,fa2ed7f7-001e-41ab-a250-ff8926c2c26c
5b64cb31-9bea-4027-a6c7-5ce6a6a82eb0,Culpa,Repudiandae aliquam expedita nisi debitis atque.,"at, in, nemo",136.29,False,Plato fuerte,2bc1b109-b7de-4525-b892-5f0427d6adf8
3d4fca1f-f083-40ef-86c3-b7ca0f49df4f,Quasi,Libero tenetur odio.,"hic, at, totam, nostrum",58.38,True,Entrada,7c2b48e5-32c2-47c6-9c53-17fc38ef7512
a807d25f-d60d-49bb-b2d5-39f129f62b6b,Facere,Eos voluptatum itaque quasi rem.,"commodi, debitis, repellat",113.94,True,Postre,cd8f5802-9185-45fb-8d41-e140e37333c1
8080237b-556b-44bd-82a5-ae8b93dab843,Iusto,Voluptatum minus unde aspernatur atque corporis sequi.,"consequatur, sapiente",230.57,True,Postre,3aaadacc-7046-49c6-ba9b-b0fa7f32365a
ebe2f3c3-1a97-471d-9703-0ba366af5195,Laborum,Nobis voluptate nulla soluta.,"illum, maxime, provident, eaque, mollitia",283.43,False,Entrada,347efec1-5946-47c8-b52e-d9ae8db478d2
c535e33d-08a4-4fd8-97e0-95e92bb6929a,Ex,Velit alias neque sequi hic fuga reiciendis.,"sunt, vero, voluptates",264.09,True,Postre,ff6b97f0-54a8-46c7-9cf0-7e3c8c1457db
71dae4d6-3ddb-470d-94ca-054a9320235a,Nostrum,Vel quia adipisci ex cupiditate molestiae.,"quibusdam, alias",138.54,True,Postre,7c2b48e5-32c2-47c6-9c53-17fc38ef7512
3fd466b7-2e2a-4d99-a3b7-e258e2fa35cf,Inventore,Ratione inventore aperiam saepe assumenda similique nostrum.,"necessitatibus, labore, eum",167.49,True,Entrada,75651d88-bb4a-420a-8e6a-310d41c6907c
60a00122-604b-40da-877b-23a78c6fd5cf,Quidem,Reprehenderit similique praesentium recusandae omnis.,"ea, repellat, sed",227.23,False,Plato fuerte,fa2ed7f7-001e-41ab-a250-ff8926c2c26c
853ff545-76c5-4756-b3aa-275a6d34e702,Dolores,Soluta voluptatibus alias exercitationem eius dolores.,"voluptates, tempora",79.48,True,Entrada,1d84f804-ca56-4e53-b6ae-490114b33e33
038cfce4-fe11-4372-bb6d-3b80709d4cac,Odit,Ut neque cumque minus ut rerum.,"reprehenderit, dolorum",114.32,True,Bebida,cbaf8724-0a17-401c-b8b0-4999c68da5d0
9caaf921-6f10-4aab-867c-3fd73044aa9f,Error,Facilis omnis enim blanditiis accusamus possimus illum.,"minus, voluptatibus, consequuntur, esse, velit",143.69,True,Bebida,c04f7129-a8f4-440d-aa94-0aa304878ea4
ed8ce1f5-bc3b-4354-a517-9b137faf26e6,Itaque,Non totam odit quo sequi.,"dolores, porro",186.31,True,Entrada,80fd32e0-8ce5-4f6f-9460-d1ab2044527e
bbc07f10-b5cd-4e03-95a6-7c9f83a12cbd,Recusandae,Id dignissimos modi non.,"quasi, temporibus, omnis",239.36,False,Plato fuerte,cbaf8724-0a17-401c-b8b0-4999c68da5d0
ce0652fa-5929-4152-8e78-9c5548807153,At,Excepturi nobis minima non laudantium accusantium vitae.,"voluptatem, eligendi, adipisci",232.09,False,Postre,7c2b48e5-32c2-47c6-9c53-17fc38ef7512
5745a874-6999-461e-8211-664cf86a0bd3,Fugit,Molestiae itaque optio eius quaerat.,"ea, asperiores, accusamus, deleniti, quos",162.65,True,Plato fuerte,d9518fbd-6ac6-412b-a599-b54fb620afa3
71127da2-c4f0-4c98-87ec-a3f6aad2f5c1,Quaerat,Ipsam voluptatibus perferendis voluptatibus voluptas nulla blanditiis.,"distinctio, totam, nihil, eius, quidem",231.21,False,Plato fuerte,c4028316-b6a2-426a-9984-77968bb10f25
94d2ecd8-b025-45d9-ae05-61b25031ccb9,Ullam,Voluptatibus tempore provident nam reprehenderit adipisci.,"sequi, quibusdam, eum, voluptatem, atque",232.24,True,Entrada,f17f0f6a-a7e9-4b9c-9c7d-b87923d27850
35098133-1d01-4e93-a411-1353f0375af4,Quia,Reprehenderit architecto a expedita.,"sit, laborum, est, voluptatem, perspiciatis",143.33,True,Postre,bf6b7ff2-4dbd-4b83-8ede-7f23a93d8801
600487ce-5395-4da7-bd24-ad30efde6332,Laboriosam,Quisquam tempore corrupti.,"aliquam, harum, nobis, inventore, consequuntur",74.74,False,Entrada,c04f7129-a8f4-440d-aa94-0aa304878ea4
670f8084-40ee-40b1-a47a-f47ac2608921,Odio,Assumenda ipsum vel quaerat ea totam molestias error.,"eum, iste, tempora, delectus, deserunt",243.69,False,Entrada,09444248-5633-4b28-a7ec-a17aa802d1ac
f85c6688-c0a3-4b80-bf4a-60b16ba5bf5a,Adipisci,Beatae dolore reprehenderit officia debitis aliquam dolore.,"minus, accusamus, atque, deserunt, nobis",235.16,True,Bebida,d9518fbd-6ac6-412b-a599-b54fb620afa3
f296ba68-4e37-4a5e-a5a4-773430d03cbe,Numquam,Omnis sed quasi sit sapiente harum blanditiis.,"laboriosam, veritatis",183.92,False,Plato fuerte,0960ad33-b10b-421f-b49a-f7529289e006
32fb3fee-2473-45fd-9c8b-55777d9603b1,Ducimus,Eligendi nemo blanditiis ullam quo.,"eligendi, saepe",68.62,False,Entrada,507c2891-d7d8-4df7-b799-53c894a19f4a
6210cfc8-0ad5-4cd2-9416-c6668f40dec8,Pariatur,Omnis repellat tenetur perferendis quos odit in dolores.,"doloribus, blanditiis, iusto, adipisci",176.65,False,Postre,4080a4cd-67a8-4bd3-b46e-6f7351c10029
8cd0be4a-d1c4-4326-acdb-a9947202ccbc,Iste,Incidunt accusamus esse maiores ut animi distinctio.,"aut, eaque",250.29,False,Bebida,854db234-1f65-475a-bd90-785242cf60ff
0d87060a-979b-411c-bf7d-d2b6d5c861c3,Iste,Repellat dolorum unde sequi sed aliquam sapiente.,"tempora, facilis",120.09,False,Bebida,eab3afd1-a29a-4208-af86-8517249ebefb
cc1eab5e-dc67-45fb-9f04-befef64ecd4d,Nisi,Ducimus exercitationem molestiae totam earum ipsa.,"nobis, repellendus, quos",257.94,True,Entrada,de7234fe-8869-44d6-a05f-ac03f827f1da
9cb3371f-7229-46b1-8472-abbd3cc8c8a3,Deserunt,Quam est cum occaecati.,"error, beatae",133.12,False,Entrada,bf6b7ff2-4dbd-4b83-8ede-7f23a93d8801
0421ff5d-5ba5-438d-9d99-b5e7ad7fe7b0,Ab,Voluptatibus omnis veritatis consequuntur facilis occaecati.,"sed, incidunt, laudantium",59.05,False,Entrada,876ad4fc-44cf-4655-b2ac-3464e13bde59
74af0054-bc0c-4494-b993-6b4603e79102,Possimus,Consequuntur itaque cum minus similique non.,"libero, cupiditate, incidunt, suscipit, perferendis",269.59,True,Entrada,eab3afd1-a29a-4208-af86-8517249ebefb
126281df-93ee-4fa0-bcf2-ddd92c78e8fb,A,Ducimus similique architecto quisquam ducimus quam autem.,"soluta, facere",277.83,True,Bebida,bf6b7ff2-4dbd-4b83-8ede-7f23a93d8801
803aa488-0b86-4082-b2c3-6fe058efb8f1,Praesentium,Asperiores consequatur omnis doloribus a eos nihil recusandae.,"eum, iste, est, expedita, doloribus",193.37,True,Entrada,c4028316-b6a2-426a-9984-77968bb10f25
48417bbb-f46e-42d9-a38f-2e0c0203a8f6,Numquam,Totam praesentium ab.,"soluta, blanditiis, facere",273.73,False,Plato fuerte,876ad4fc-44cf-4655-b2ac-3464e13bde59
2ca62aca-54cd-44dc-b6a8-56f89db6c3eb,Quisquam,Perferendis tenetur maxime nihil nisi vitae asperiores.,"vitae, enim",211.29,False,Entrada,09444248-5633-4b28-a7ec-a17aa802d1ac
373c288d-23a1-4b7b-8b24-a87a1dedfb19,Officia,Reprehenderit provident cum deserunt animi omnis.,"ullam, illum, ut",166.4,True,Bebida,017e1cd1-5bbe-428a-a468-214a2d2f1fe0
b8932b9c-faa8-46a8-8135-c64281a731b0,A,Sint aliquid alias delectus tempore tempora hic.,"alias, ab, animi, aut, velit",144.04,True,Bebida,c04f7129-a8f4-440d-aa94-0aa304878ea4
01a91b93-433a-40c8-8675-5abe3445288d,Ullam,Modi quaerat in perferendis quidem error.,"saepe, natus",290.71,True,Plato fuerte,26f1c534-aee4-4776-95c5-91368050a207
e1c0cfeb-da26-4b05-882f-2174c2b6705a,Cumque,Consectetur doloribus ullam voluptatum ab odio.,"atque, voluptate, consequuntur, harum, qui",155.52,True,Postre,56de922c-a1bb-4246-98a7-b15ba656c0a3
61224763-2bb7-4da1-8ab2-e3f55c467f05,Soluta,Temporibus dolore aliquam officia consequatur quisquam quae qui.,"libero, fugit",246.94,False,Postre,ff6b97f0-54a8-46c7-9cf0-7e3c8c1457db
5dbf8b3c-3528-4d50-94a3-d38db82151ce,Minus,Natus quo esse beatae sed consectetur quisquam.,"blanditiis, quam, inventore, quam",263.36,True,Entrada,de7234fe-8869-44d6-a05f-ac03f827f1da
64ae22b1-36ba-47bf-a48c-72b70c18c2d6,Consequatur,Rerum cum in praesentium minus est.,"architecto, quisquam",290.39,True,Plato fuerte,7bb917dc-272b-4d84-85c6-96b3a52f7ced
189ae9b5-3533-4ec2-ab85-dd769f988bd8,Voluptatem,Atque esse molestiae ratione blanditiis facilis.,"adipisci, autem, illum",216.92,True,Plato fuerte,0b2daedf-c3a1-4e1a-8ab4-e4f0c11555fa
84b44b51-94ce-4185-ba55-0df7b84e8988,Fugiat,Quos dolore animi vero sit ratione.,"provident, voluptatibus, exercitationem, quae",165.9,True,Postre,82f0f0ab-f50f-490e-9ae1-2619f93b3ecf
da3a2fb8-cdf9-44c7-b6a8-ea9ae632352e,Commodi,Nisi sed aliquid officia at assumenda.,"porro, eveniet",124.51,False,Bebida,166e45e7-0158-41cc-a09c-1cae75cdc751
f5cbdfc4-8112-4649-be98-d5d798e9eb91,Exercitationem,Consequuntur illo ad nesciunt voluptates animi commodi.,"illum, animi",61.4,False,Postre,c4028316-b6a2-426a-9984-77968bb10f25
37a6850b-ae71-4c6f-be37-d8dd7004d862,Nemo,Maiores dolor consequuntur sapiente iste dolores odit alias.,"aperiam, ut, cum, voluptates, excepturi",91.15,True,Bebida,1d84f804-ca56-4e53-b6ae-490114b33e33
1bbfaf2e-9c06-419f-8425-4c22b290619d,Natus,Mollitia ducimus iure provident quis odit molestias.,"nostrum, excepturi, at, quisquam, sunt",131.55,False,Postre,80fd32e0-8ce5-4f6f-9460-d1ab2044527e
09583a92-f5a4-4fc6-b48e-ee113f7325dd,Suscipit,Officia ab doloribus officiis et.,"dolorem, consectetur, reiciendis, reprehenderit",176.58,True,Plato fuerte,4080a4cd-67a8-4bd3-b46e-6f7351c10029
ab5a56d4-c21c-41c9-8f9d-fb1c7bee66e4,Explicabo,Molestiae voluptate alias beatae quam temporibus illum quos.,"aut, consectetur, aspernatur",259.89,True,Bebida,4a00321e-a5fa-491c-b7ad-04ec45baeda3
c917e3b1-a0f2-48a2-9516-e833391874ce,Corporis,Repudiandae pariatur consequuntur facilis aperiam.,"officia, eveniet, sed, deserunt",62.6,True,Bebida,bf6b7ff2-4dbd-4b83-8ede-7f23a93d8801
61bf6e9e-9d61-4d7d-9e57-87fab40d21c2,Sed,In adipisci delectus voluptatem nesciunt.,"alias, odit",298.78,True,Postre,cd8f5802-9185-45fb-8d41-e140e37333c1
23f150ad-416a-4850-9101-5a03142652fe,Molestias,Cupiditate temporibus itaque fuga ad nihil.,"ea, tempore, maxime, enim, repellendus",102.86,False,Bebida,4080a4cd-67a8-4bd3-b46e-6f7351c10029
94f28cef-a411-413d-b8dc-8044ca67a477,Praesentium,Recusandae reprehenderit odio nostrum recusandae sunt hic.,"laborum, veritatis, voluptatibus, ut",288.63,False,Postre,cbaf8724-0a17-401c-b8b0-4999c68da5d0
28113917-ffd1-453b-b42a-37b0f653c38a,Sunt,Beatae cupiditate non quod qui eaque sapiente illo.,"error, autem",285.33,True,Postre,f83e29db-97ff-4499-8a30-55118cb97139
a33cb951-62bc-466e-abd4-3ba2da74471a,Quod,Dicta ad rem.,"distinctio, reiciendis, voluptates, quasi",177.67,False,Entrada,7c2b48e5-32c2-47c6-9c53-17fc38ef7512
de364fb2-1c46-4516-8589-8a198668bbb0,Soluta,Quo eos dolores distinctio velit reiciendis.,"nostrum, nihil, consectetur, reiciendis, maiores",127.6,False,Bebida,4b495234-c98a-4be5-9175-f35228d0ac27
711c7c04-bb18-467d-ace2-cfccae5836af,Odio,Architecto eos molestiae deleniti ipsam ab fuga.,"voluptatem, delectus, minima, saepe",183.41,True,Postre,876ad4fc-44cf-4655-b2ac-3464e13bde59
877becf2-e37e-45c2-a4e8-1f66d033189c,Enim,Provident aspernatur et consequatur praesentium.,"fugit, cumque, assumenda, facere, nobis",163.65,False,Bebida,de7234fe-8869-44d6-a05f-ac03f827f1da
7e884fd5-f14a-46a0-ab24-2921f7e37811,Quis,Maiores sequi beatae libero cum laudantium quas impedit.,"iste, facere, autem",80.73,True,Entrada,f83e29db-97ff-4499-8a30-55118cb97139
da689b19-4f46-4571-a35e-ee6e53996249,Exercitationem,Ab dolore aspernatur repellendus.,"necessitatibus, asperiores, pariatur",297.26,False,Entrada,ff6b97f0-54a8-46c7-9cf0-7e3c8c1457db
6c711d74-956d-4dcc-a28e-7eead8be57d3,Deleniti,Cupiditate quibusdam beatae.,"incidunt, quaerat, cupiditate, vitae",136.57,False,Bebida,eab3afd1-a29a-4208-af86-8517249ebefb
f2196b90-fbc7-4e16-84c9-7004e85d8805,Perspiciatis,Debitis ipsum iste.,"vero, modi, nam",116.56,False,Postre,80fd32e0-8ce5-4f6f-9460-d1ab2044527e
47b2d357-ab28-4443-889c-d6980acf2b36,Repellendus,Ipsum repudiandae ratione odio sit dicta dignissimos.,"veniam, sed, dolorum",291.68,True,Plato fuerte,2bc1b109-b7de-4525-b892-5f0427d6adf8
c24264ca-7666-4833-b5e9-3a4d56af2c64,Alias,Similique velit dignissimos ducimus omnis.,"beatae, iure, quae, alias, optio",165.53,False,Bebida,80fd32e0-8ce5-4f6f-9460-d1ab2044527e
a0414f2a-02b5-4aca-ba76-9a69d8433d75,Ipsam,Labore dignissimos sequi.,"eos, dignissimos",187.3,False,Entrada,fa2ed7f7-001e-41ab-a250-ff8926c2c26c
4b45d6a5-3f21-44d3-89f1-220fd1275d90,Autem,Amet accusamus culpa.,"assumenda, maxime",174.52,False,Entrada,f83e29db-97ff-4499-8a30-55118cb97139
5da24c73-e844-48f0-b7ac-de44d1c5ae39,Dolore,Repellat ipsum fugit quisquam.,"neque, odit, accusamus, aliquam, animi",268.72,False,Postre,3e8afa40-cc93-4fb0-b129-b224ff23627f
0231673a-c332-45b9-8195-5905e4324424,Ex,Quae cum consectetur iste esse voluptates aliquid.,"exercitationem, ipsam, consequuntur, cupiditate",153.17,False,Postre,bd4b3ffe-2927-4c4a-ba84-81e26d3f9747
a37c3f59-5b38-40f3-9855-05f6ed31fbc3,Provident,Eius rerum aut at vero.,"reprehenderit, magnam",86.81,True,Postre,c6d84d3f-cc5c-46b5-b04b-8bcdc650c6e8
cf644c7c-e6eb-4d69-b45c-937f074d0c90,Recusandae,Vitae provident commodi iure unde aliquid.,"sunt, sunt, deleniti",179.27,False,Bebida,26f1c534-aee4-4776-95c5-91368050a207
95bb7bfa-c2bc-41f3-b853-eb1187a477f7,Veritatis,Maiores maiores illum itaque beatae libero.,"eum, tenetur, magnam, fugit, modi",163.16,True,Plato fuerte,cbaf8724-0a17-401c-b8b0-4999c68da5d0
6c1573e1-d557-43df-bcb6-98946edef349,Itaque,Amet ullam nam accusantium officia repellat dignissimos error.,"ullam, doloremque, quisquam, ex, pariatur",288.11,False,Bebida,3aaadacc-7046-49c6-ba9b-b0fa7f32365a
65701a34-7895-420d-a5a7-53b1bb756296,Magni,Porro occaecati optio ipsum ipsum atque ex.,"occaecati, enim, inventore",229.49,True,Bebida,4b495234-c98a-4be5-9175-f35228d0ac27
cf41cd05-ba4c-4734-b599-28aba3314255,Cumque,Fugiat fugiat illo tempore voluptatem esse.,"blanditiis, recusandae, odio, consequuntur, natus",238.11,False,Plato fuerte,017e1cd1-5bbe-428a-a468-214a2d2f1fe0
2df3b6df-6522-4516-ad4b-1d8da6b5ab85,Dolorem,Aspernatur repudiandae voluptas quibusdam quis et.,"quis, quas",267.05,False,Plato fuerte,5ed93c2c-3839-4344-bd8c-6f5eda7a1d9d
0f21bf59-af3c-4181-a290-15b3294f1b13,Est,Quae nostrum voluptatem voluptas voluptatum.,"nemo, laborum",127.43,True,Plato fuerte,2bc1b109-b7de-4525-b892-5f0427d6adf8
78448fd1-e07c-4396-9e57-9a1ffd3f8b0d,Sapiente,Voluptas animi atque.,"blanditiis, labore, quo, architecto, error",217.62,False,Plato fuerte,3aaadacc-7046-49c6-ba9b-b0fa7f32365a
c91e1bdf-a268-48b3-a712-12a3d81c8abe,Corporis,Illum blanditiis distinctio quae voluptas consectetur.,"cupiditate, expedita, corrupti, repellat, repellat",188.62,True,Entrada,f17f0f6a-a7e9-4b9c-9c7d-b87923d27850
7e0a4521-69ab-448e-b883-5f69bde0b056,Quia,Sequi ut delectus eos.,"porro, dolore, tempora",129.22,False,Entrada,0b2daedf-c3a1-4e1a-8ab4-e4f0c11555fa
f89e60a2-6dd4-42af-8b20-5e60581678f9,Dolorem,Perferendis saepe excepturi ipsa ipsam officiis nihil.,"ab, laboriosam, voluptatibus",198.83,True,Entrada,39aa52d5-d786-4b7f-ab78-79296025bf65
4947441e-410c-4b5b-bcc5-542800a8cec8,Eaque,Libero deleniti voluptates tempore.,"laudantium, esse, cumque, aut, consectetur",85.08,True,Entrada,d47b81f3-c0c9-4afd-b88c-aaf5646863bd
a9802354-d867-4d47-a3dc-bfcf3dba2371,Alias,Maxime animi error saepe.,"eius, perferendis",102.67,False,Entrada,090f2be3-cae0-4be5-89d7-d90367f69496
e423f53a-6996-4658-85b8-fe1c7b30be5c,Consectetur,Pariatur asperiores a neque nostrum explicabo.,"id, iste, quisquam, amet",161.58,False,Postre,fcf3885c-fe1f-408a-b3d0-b7f74fb368f4
9978e537-6bc6-4357-848e-3037d797c4d8,Esse,Laudantium quae reprehenderit quam veritatis ipsa unde.,"est, provident, perferendis, quis, labore",228.96,False,Postre,de7234fe-8869-44d6-a05f-ac03f827f1da
1a458927-d0bb-40c2-8f57-e178f7728160,Tempora,Facere sunt possimus earum.,"rerum, deleniti, praesentium, eius, doloribus",129.14,False,Bebida,c04f7129-a8f4-440d-aa94-0aa304878ea4
d74bdf91-61de-4640-9fd3-22b81a394b76,Ut,Modi pariatur molestiae neque asperiores rerum veniam.,"laborum, quo, non, sint, sed",78.94,True,Entrada,cbaf8724-0a17-401c-b8b0-4999c68da5d0
d8eb55ac-09b3-4f77-a15a-db563fb3ab0a,Culpa,Odit ipsam repellendus.,"alias, ipsam, optio",249.72,False,Plato fuerte,0b2daedf-c3a1-4e1a-8ab4-e4f0c11555fa
ec8e1b06-a308-49cc-b17d-725a9b098d57,Eaque,Totam a sapiente cum voluptatem assumenda.,"cumque, laborum, iste, expedita",92.86,False,Entrada,39aa52d5-d786-4b7f-ab78-79296025bf65
346c95f4-fca5-4bb5-83e4-6539d5240e38,Qui,Nemo pariatur voluptatibus atque.,"cumque, voluptate, animi",251.91,True,Postre,fa2ed7f7-001e-41ab-a250-ff8926c2c26c
d73c93f1-6e9a-468e-b403-10289920f994,Voluptatum,Est adipisci nobis officiis error.,"in, nostrum",60.06,False,Plato fuerte,39aa52d5-d786-4b7f-ab78-79296025bf65
8d9d8de7-3022-41c8-8617-b39562740870,Nesciunt,Temporibus velit tempore exercitationem iste molestiae.,"magni, fugiat, harum, amet",272.94,False,Entrada,c04f7129-a8f4-440d-aa94-0aa304878ea4
1bf90810-6e00-41ca-b21c-aec70ee25b52,Doloremque,Debitis consequatur ullam eveniet tenetur provident atque enim.,"itaque, natus",100.45,True,Postre,5ed93c2c-3839-4344-bd8c-6f5eda7a1d9d
b64cb541-0f10-4501-bb3a-49ca65795a48,Voluptatem,Molestiae est libero consequatur doloribus dolores praesentium.,"autem, nostrum",135.96,False,Entrada,1d84f804-ca56-4e53-b6ae-490114b33e33
8bb268e1-f817-4996-b75b-a76f1f9d8ba0,Praesentium,Iure eum quam rerum ratione doloremque.,"maxime, recusandae, voluptatum, alias",142.48,False,Plato fuerte,c4028316-b6a2-426a-9984-77968bb10f25
b16f1823-1356-4619-8cfc-d0b89fe2b984,Quo,Vero esse omnis accusamus odio.,"nisi, vero, dolorum",246.84,True,Postre,bf6b7ff2-4dbd-4b83-8ede-7f23a93d8801
1875125b-2038-4185-87d3-95be21b4f414,Expedita,Alias exercitationem iusto dolorem quibusdam.,"sit, eos, illum",178.2,True,Postre,09444248-5633-4b28-a7ec-a17aa802d1ac
3308fb2f-4134-43f1-936b-b55ddb4c98fd,Adipisci,Quas aliquam sed consequuntur atque officia perferendis.,"et, mollitia, sunt",216.81,False,Postre,1d84f804-ca56-4e53-b6ae-490114b33e33
a1a8fa05-c031-4572-8c1e-be8ed5d1e3b7,Quam,Voluptate repellat provident rerum dolore laudantium earum.,"ab, nemo, minus",153.84,False,Bebida,80fd32e0-8ce5-4f6f-9460-d1ab2044527e
7474c694-7fb9-4bd2-a0d4-534fc8826b1b,Fugiat,Aspernatur aperiam expedita enim aut quae magnam.,"saepe, amet, autem, consequatur",116.08,False,Entrada,56de922c-a1bb-4246-98a7-b15ba656c0a3
91ca4504-5bd1-4efa-b7d5-37e1b6f78cb4,Deserunt,Nam temporibus placeat iure sit quos sint.,"quos, iusto, nesciunt, consectetur",264.57,False,Entrada,7bb917dc-272b-4d84-85c6-96b3a52f7ced
15822f03-6e9d-4ad3-95c4-6676392f12d7,Debitis,Magnam reprehenderit esse provident magni.,"corporis, ratione, doloribus",293.64,True,Bebida,eab3afd1-a29a-4208-af86-8517249ebefb
b709e9df-a7a6-4fc1-a8fe-a9f2c508505c,Ratione,Ex illum error qui quod modi quibusdam.,"veritatis, commodi, possimus, nulla, illum",228.66,False,Bebida,f83e29db-97ff-4499-8a30-55118cb97139
25873db0-11b4-4931-a9d5-04fe266b3159,Nihil,Quae eaque cum sed.,"tenetur, eius",195.29,False,Bebida,09444248-5633-4b28-a7ec-a17aa802d1ac
d5cdb82a-4c8d-43b7-980b-41ae2bc2c4a5,Consequatur,Porro ut harum tempora rem.,"labore, voluptas, neque",253.39,True,Entrada,59a2f4ad-d1ef-4b62-b450-2cd7ace4d428
82074149-f538-4542-926d-e1343bcefb01,Ab,Minus nesciunt tenetur.,"ex, quasi, a, amet, nam",75.04,False,Bebida,56de922c-a1bb-4246-98a7-b15ba656c0a3
a4e39dd9-b1bf-471f-bcbb-e9dbea732cc8,Non,Provident hic nostrum perspiciatis sit harum quo.,"laboriosam, placeat, molestias, ab",94.08,False,Bebida,3e8afa40-cc93-4fb0-b129-b224ff23627f
8904f64e-70c3-4b0d-a1ad-7d2733391f5d,Repudiandae,Maxime id quisquam itaque dolore.,"animi, error, dolorem, accusantium, incidunt",231.67,True,Entrada,26f1c534-aee4-4776-95c5-91368050a207
e5c4348f-cd16-4f72-8b61-b52942e2b8e3,Molestiae,Corrupti consequuntur cupiditate tenetur.,"sint, ad, error, veniam, incidunt",217.45,True,Bebida,80fd32e0-8ce5-4f6f-9460-d1ab2044527e
5cb8ac88-caa1-4de6-99a7-d42bbe6cdf53,Cum,Modi natus eos sapiente maxime.,"explicabo, nihil, nemo, dolorum, tempora",186.41,True,Plato fuerte,5ed93c2c-3839-4344-bd8c-6f5eda7a1d9d
12f6a0f2-c910-4751-94b2-e2698c53b427,Inventore,Harum fuga officia inventore mollitia consectetur magni.,"beatae, quo, officia",145.12,True,Bebida,26f1c534-aee4-4776-95c5-91368050a207
5d030905-decf-4ee6-82ce-8b25ecb93c4e,Odio,Eveniet iste libero tempora nulla repellat nemo.,"eveniet, sapiente",168.16,True,Entrada,bd4b3ffe-2927-4c4a-ba84-81e26d3f9747
8fff2508-2f08-4982-b979-58fe94a19955,Error,Maiores hic reprehenderit quos magni soluta alias tempore.,"quo, architecto",209.39,True,Entrada,cbaf8724-0a17-401c-b8b0-4999c68da5d0
94660330-f68a-4a40-9b6e-84c9894ce92b,Dolores,At delectus corporis cum vitae eaque.,"ullam, adipisci, nemo, tempora, aperiam",82.56,True,Plato fuerte,854db234-1f65-475a-bd90-785242cf60ff
4ba5b4b8-93ae-446e-a94a-a8de0c4fa5a1,Odio,Incidunt consectetur quisquam libero assumenda aliquam illum.,"repellat, atque, vitae",196.33,True,Postre,0cf562ba-f398-4bb6-929c-857684940bef
1c94db29-8313-4aa2-a433-7db7dacbd162,Earum,Neque nisi ipsum distinctio dolore.,"tempora, labore, iusto",108.81,True,Plato fuerte,de7234fe-8869-44d6-a05f-ac03f827f1da
4835f949-ffa3-4cf9-96fc-a2c9c9c3cdba,Iure,Expedita suscipit animi voluptatum.,"sequi, aliquam, facere, corrupti, quas",240.43,False,Bebida,39aa52d5-d786-4b7f-ab78-79296025bf65
697d619f-8e02-41cc-ab5f-a0415224f77a,Animi,Earum voluptas nulla quidem.,"ex, aliquam, ducimus, fugit, nobis",225.21,True,Plato fuerte,f83e29db-97ff-4499-8a30-55118cb97139
19763d7c-c904-4daf-a7f7-2fe6753b57f5,Culpa,Ducimus illo nobis vero.,"ab, molestias, doloribus",169.91,False,Plato fuerte,80fd32e0-8ce5-4f6f-9460-d1ab2044527e
95d3c95a-6ecb-4f04-ac0a-6cd327828556,Provident,Aperiam quaerat nisi quaerat.,"totam, officia, sit, labore, voluptates",244.36,False,Bebida,854db234-1f65-475a-bd90-785242cf60ff
af201a65-eb3d-4241-a43c-16f0729f0501,Deserunt,Molestias magnam nesciunt quod.,"itaque, dignissimos, aut",183.48,False,Postre,7c2b48e5-32c2-47c6-9c53-17fc38ef7512
e188eb04-d4a4-405d-b8d8-c2a8f1e494a2,Porro,Voluptatem magni nulla tempora.,"earum, molestias, corporis, eius, aliquam",145.74,True,Bebida,2bc1b109-b7de-4525-b892-5f0427d6adf8
6a211806-05b3-4b43-a92c-449cbbf7445f,Nisi,Deleniti temporibus harum ducimus explicabo tempora aspernatur.,"assumenda, repellendus, excepturi, molestias, sunt",178.94,True,Postre,7563a09d-7d83-4a0e-afe5-04d27e3bc749
b236dfe3-a6ff-484d-98e0-2c025c331643,Cupiditate,Eius incidunt harum suscipit cupiditate.,"atque, odio, molestiae, consectetur",60.54,False,Entrada,5ed93c2c-3839-4344-bd8c-6f5eda7a1d9d
78b7f1a3-9474-4229-8b6a-eb21db3f00cd,At,Vero temporibus cum minima optio soluta.,"quidem, non",109.46,True,Bebida,090f2be3-cae0-4be5-89d7-d90367f69496
211c20cf-28fb-40fe-b43a-dd0842d6c319,Explicabo,Autem adipisci minus eius asperiores.,"similique, possimus, sed",81.59,True,Bebida,fa2ed7f7-001e-41ab-a250-ff8926c2c26c
267a60f3-9144-42be-9982-8c87de31a18b,Dolor,Fugit dolorum cum.,"autem, ullam",140.75,False,Bebida,de7234fe-8869-44d6-a05f-ac03f827f1da
977b6a49-9f89-4556-be8e-f039547bfdf3,Ipsa,Saepe mollitia architecto deserunt aut soluta.,"soluta, earum, quos, veniam",127.12,False,Plato fuerte,26f1c534-aee4-4776-95c5-91368050a207
27b1f768-8da6-443f-860b-e6eb546967c5,Fugiat,Saepe vero aut molestiae aut voluptas.,"quae, cum",232.37,False,Plato fuerte,5ed93c2c-3839-4344-bd8c-6f5eda7a1d9d
5a3e812b-77fa-4081-b5b5-aa3058b76e55,Quos,Doloribus deleniti dolore accusantium perspiciatis repudiandae autem.,"velit, nisi, ipsum, enim, dolores",227.09,True,Entrada,f83e29db-97ff-4499-8a30-55118cb97139
abb43793-9a4c-4ed8-b5af-62c2df34d846,Labore,Rerum sequi porro rem aliquid hic iure.,"vel, eligendi",181.21,True,Postre,166e45e7-0158-41cc-a09c-1cae75cdc751
09e80fbf-46a9-4201-86eb-258cda077534,Rem,Ea cum possimus debitis itaque quas.,"distinctio, fugiat, magni",194.11,False,Postre,347efec1-5946-47c8-b52e-d9ae8db478d2
a921cc5b-1d71-4e8a-a819-cb2681cd6689,Fugit,Dignissimos iure modi.,"non, suscipit, quidem",293.49,True,Plato fuerte,c6d84d3f-cc5c-46b5-b04b-8bcdc650c6e8
378ec2e5-ba57-4118-8588-9f1cc8a09ea0,Sit,Ullam at eum ullam nisi deleniti harum.,"nesciunt, nulla, reiciendis, nam, a",78.37,True,Bebida,f83e29db-97ff-4499-8a30-55118cb97139
7c96e30e-6ecb-4385-a6e3-b8bde2d2befa,Ad,Similique accusantium doloribus dolorem quod.,"facilis, excepturi",61.29,False,Bebida,09444248-5633-4b28-a7ec-a17aa802d1ac
6adaaee5-6885-43bc-8b90-72caf68bf7b6,Molestiae,Laudantium ex voluptates id.,"error, doloremque, tempore, non",183.45,True,Postre,cbaf8724-0a17-401c-b8b0-4999c68da5d0
762824fa-b1db-41dc-bbb3-c607e4969563,Repudiandae,Aliquam ad porro nemo repellat.,"molestiae, officiis, sapiente",179.85,False,Postre,4a00321e-a5fa-491c-b7ad-04ec45baeda3
3d5842cc-fbab-4885-976c-d49ee5428460,Esse,Aperiam aut voluptates sapiente.,"ratione, debitis, recusandae, similique, autem",152.4,True,Postre,26f1c534-aee4-4776-95c5-91368050a207
767ec0e3-d1e6-4425-9800-b5c111319448,Nisi,Quasi atque vitae laborum totam corporis occaecati.,"aliquid, repudiandae, quasi, eveniet, perspiciatis",189.66,False,Bebida,26f1c534-aee4-4776-95c5-91368050a207
f557a452-1063-447f-8c09-ac610ad61195,Ea,Corporis mollitia mollitia commodi debitis quas odit laboriosam.,"modi, quia",83.12,False,Postre,3e8afa40-cc93-4fb0-b129-b224ff23627f
ea329e1c-68fe-4e92-8676-84fcf681cf58,Recusandae,Dolorem excepturi est quasi.,"natus, aliquam, maiores, illum",111.26,True,Plato fuerte,fa2ed7f7-001e-41ab-a250-ff8926c2c26c
623d09ea-8f87-4990-9b03-3b7373eb76fe,Neque,Culpa distinctio possimus quia.,"soluta, est, ratione, dicta",120.47,True,Bebida,c04f7129-a8f4-440d-aa94-0aa304878ea4
8a41ea70-2762-4ca8-aabe-cb8a3aa8b832,Vel,Similique blanditiis quam architecto molestias.,"vero, qui",268.74,False,Postre,39aa52d5-d786-4b7f-ab78-79296025bf65
5ea4ef24-13fd-4847-815e-edebbc19dcfe,Optio,Facilis odio molestias ad quam modi est repellendus.,"ad, debitis",121.79,True,Postre,017e1cd1-5bbe-428a-a468-214a2d2f1fe0
45b99a96-2871-42fe-adcd-d47a0f178424,Corporis,Accusamus quasi nesciunt sequi.,"ad, deserunt",265.96,False,Plato fuerte,3e8afa40-cc93-4fb0-b129-b224ff23627f
6b9fa199-97a0-4a67-8325-1e620776a6b2,Pariatur,Vero nisi quibusdam provident iste in quibusdam.,"maiores, et, porro, praesentium, culpa",268.54,True,Bebida,1d84f804-ca56-4e53-b6ae-490114b33e33
b91fc5f9-fa78-422c-ba94-4074bb19168d,Totam,Doloribus labore temporibus ipsa recusandae.,"repellat, eligendi, sapiente, vero, occaecati",61.22,False,Plato fuerte,80fd32e0-8ce5-4f6f-9460-d1ab2044527e
62e3f9e9-740b-474b-9988-91b6c56615f0,Rem,Assumenda minima ratione incidunt assumenda temporibus totam.,"nisi, quibusdam, provident",281.21,True,Plato fuerte,090f2be3-cae0-4be5-89d7-d90367f69496
1b01f0e0-5e13-4e59-b6da-61efa8ce9363,Facilis,Possimus veniam aperiam maxime.,"quidem, voluptas, praesentium, natus, neque",121.04,True,Entrada,3aaadacc-7046-49c6-ba9b-b0fa7f32365a
a1fd203f-1193-4f04-b6db-a355a160d0f0,Nihil,Voluptas reiciendis praesentium quod consectetur.,"rerum, nostrum, culpa",278.12,True,Postre,9eee8071-3181-471d-a6a5-5a808cca9980
fcd33dc9-c2dc-482f-97df-6e5e82aa4a98,Omnis,Ratione numquam quod quo enim incidunt.,"nostrum, ipsa, pariatur",246.25,True,Postre,80fd32e0-8ce5-4f6f-9460-d1ab2044527e
d2b42a9a-c31f-4607-9781-d8e219af691c,Quo,Perspiciatis quo vel corrupti perferendis consequatur.,"impedit, molestiae, tempora",200.51,False,Postre,1d84f804-ca56-4e53-b6ae-490114b33e33
3bffb42b-45fa-47a7-945c-49fa59fc6ef7,Atque,Iure voluptatum aut quia itaque deleniti non.,"quibusdam, fugiat",193.54,True,Bebida,80fd32e0-8ce5-4f6f-9460-d1ab2044527e
fab41e7d-6b48-427c-a022-17619f20d429,Corporis,Repellendus ipsa laudantium possimus ad.,"dolorum, harum, officiis",285.16,True,Plato fuerte,2bc1b109-b7de-4525-b892-5f0427d6adf8
b6a62694-5b90-43e8-b330-bddb39fcc17e,Provident,Adipisci dolorum quae voluptates asperiores.,"tenetur, debitis, provident, totam, quos",224.49,True,Plato fuerte,876ad4fc-44cf-4655-b2ac-3464e13bde59
8b83ed3a-e3da-4c39-9ea9-11518b47bbc2,Quos,Ut sequi sapiente rem.,"molestias, rerum, ipsum, voluptate",232.28,False,Plato fuerte,39aa52d5-d786-4b7f-ab78-79296025bf65
6058bf71-ad96-496e-bb08-e5876ad3739b,Magnam,Quam autem dicta ipsam.,"asperiores, consequuntur, reprehenderit",253.97,False,Plato fuerte,7bb917dc-272b-4d84-85c6-96b3a52f7ced
930c2957-8d8f-4d45-8ee2-61ea313b39f2,Magnam,Quos occaecati soluta.,"aspernatur, quos, eligendi, dolores, ullam",172.09,True,Plato fuerte,c6d84d3f-cc5c-46b5-b04b-8bcdc650c6e8
88fcbd5b-adc7-46da-a2c1-837b83061fac,Ducimus,Magnam beatae hic illum quae.,"dolorem, possimus",201.28,False,Entrada,d9518fbd-6ac6-412b-a599-b54fb620afa3
f25eb1de-c1d8-4ad5-aa3a-aa24ba213bf8,Quaerat,Facere deleniti rerum accusamus.,"animi, molestiae, aspernatur, fugit, harum",109.52,True,Entrada,56de922c-a1bb-4246-98a7-b15ba656c0a3
0849856c-f5e6-4c24-b90f-f08f7e4657ed,Quo,Animi deleniti id quae eum.,"fuga, reiciendis, est",147.03,False,Plato fuerte,f83e29db-97ff-4499-8a30-55118cb97139
6f553643-a0e9-4cf6-8d58-9034aee3e476,Error,Nesciunt esse adipisci reiciendis neque a nostrum.,"delectus, tempora, earum, mollitia",226.34,True,Entrada,ff6b97f0-54a8-46c7-9cf0-7e3c8c1457db
e3a3a2c9-9713-4cd7-a2cd-71c5c1d957b8,Molestiae,Reiciendis repudiandae a animi quaerat.,"provident, in",126.75,False,Bebida,f83e29db-97ff-4499-8a30-55118cb97139
41cfa0f1-5da6-4b41-a8e5-547e5d6fad49,Fuga,Minus aliquid autem temporibus voluptatibus enim exercitationem.,"sapiente, soluta, atque, soluta, harum",66.06,True,Bebida,f83e29db-97ff-4499-8a30-55118cb97139
f14d8ad1-c8b3-42b5-a7e8-c5d2401539aa,A,Eveniet nobis dolorem quam explicabo officiis rerum ipsum.,"blanditiis, delectus, culpa, nesciunt, libero",284.16,True,Bebida,854db234-1f65-475a-bd90-785242cf60ff
034be4eb-0312-478a-a1f0-68182872c7c1,Fuga,Voluptas quod nesciunt hic quaerat consequatur numquam.,"tempore, eum, itaque",289.17,False,Postre,d51ad8fc-0cc6-46ea-bf31-40ca0a04c48e
fdaee922-66c6-4bfc-b15f-ad61ba96c7d7,Excepturi,Suscipit excepturi reiciendis a exercitationem.,"blanditiis, recusandae, dignissimos, eius, sint",118.76,False,Postre,1d84f804-ca56-4e53-b6ae-490114b33e33
ffa2f394-cf63-41e4-8053-a6a3921c6a03,Molestias,Voluptatum aut molestiae nihil voluptatum tenetur eligendi aut.,"possimus, hic, eaque, neque",51.81,False,Bebida,c6d84d3f-cc5c-46b5-b04b-8bcdc650c6e8
31ce0d86-3496-467f-b945-1478e5357d47,Dolorem,Fugit quasi voluptatem facere recusandae nesciunt.,"molestias, cumque, sit",196.87,False,Plato fuerte,59a2f4ad-d1ef-4b62-b450-2cd7ace4d428
42e9b0c3-4e3b-4c30-99a2-78527b0b2c18,Veniam,Dolore nesciunt expedita facilis enim impedit rerum.,"consectetur, reprehenderit, quibusdam",143.42,False,Entrada,bd4b3ffe-2927-4c4a-ba84-81e26d3f9747
27c16f7c-0fee-4eca-8c50-9757a90d36d8,Iure,Ipsa rem quidem.,"temporibus, iure, voluptates, illo",187.75,False,Entrada,f83e29db-97ff-4499-8a30-55118cb97139
302438de-f68c-4659-a2a2-76b35d1856f3,Unde,Esse quisquam perspiciatis pariatur esse.,"impedit, ut, molestiae, quibusdam, ab",191.5,True,Plato fuerte,7c2b48e5-32c2-47c6-9c53-17fc38ef7512
2bb22b0d-7287-4c6f-a39f-0d9de9344a5d,Suscipit,Inventore ducimus aut praesentium quod ut.,"a, porro, corporis, nesciunt",209.81,False,Bebida,3e8afa40-cc93-4fb0-b129-b224ff23627f
088af53f-cc0d-4ec3-84e7-18313e2fcba7,Odio,Quod pariatur esse.,"voluptas, quam, facere",258.76,True,Plato fuerte,017e1cd1-5bbe-428a-a468-214a2d2f1fe0
f22bdb05-5307-449a-a9bb-094671c9fa5c,Nam,Molestias exercitationem quas at accusantium nesciunt impedit.,"excepturi, voluptatibus, dolorum, culpa",164.23,True,Entrada,fcf3885c-fe1f-408a-b3d0-b7f74fb368f4
3a555ebd-4d78-4e5a-abc0-916c7fae9eb6,Sapiente,Nostrum autem nam laudantium.,"officiis, excepturi",120.41,False,Postre,4b495234-c98a-4be5-9175-f35228d0ac27
5a0db4b0-c52a-4355-a5ee-7a66f50ce0a6,Nulla,Dolore repellat pariatur unde quam.,"eum, quo",203.81,True,Postre,347efec1-5946-47c8-b52e-d9ae8db478d2
4ea22e90-d8db-4793-baf1-22e4acf5154e,Voluptatibus,Iste aliquam corporis repellendus cumque fugiat necessitatibus.,"aut, pariatur, molestiae, illum, accusantium",112.66,False,Bebida,bf6b7ff2-4dbd-4b83-8ede-7f23a93d8801
4b9289f7-0c38-4299-8e9d-6161c329be73,Natus,Itaque fuga veritatis blanditiis perspiciatis praesentium officia quis.,"corrupti, neque, maiores",273.8,True,Bebida,7bb917dc-272b-4d84-85c6-96b3a52f7ced
40d94a59-c4ed-4174-a538-766213cf1dc0,Nostrum,Voluptate voluptate eligendi occaecati officia dolores tempore odio.,"laborum, reiciendis, repellendus",217.66,True,Bebida,de7234fe-8869-44d6-a05f-ac03f827f1da
cdf003eb-3d80-43f0-b285-b4f2914a47fe,Dicta,Omnis ratione culpa et.,"officia, explicabo, tempora",246.51,False,Plato fuerte,347efec1-5946-47c8-b52e-d9ae8db478d2
4ac50b65-19c8-4a51-8345-662d1cd6a1b0,Exercitationem,At molestias dolorum facilis ab.,"possimus, quos, quas, quas",64.45,True,Bebida,7563a09d-7d83-4a0e-afe5-04d27e3bc749
a33f904c-86f2-46f9-bfa7-b53bf637d4e9,Ullam,Provident nesciunt deleniti vel sint repudiandae.,"iure, ducimus",279.94,False,Postre,ff6b97f0-54a8-46c7-9cf0-7e3c8c1457db
584f61c6-7494-44cf-94e7-1e6c06237351,Voluptate,Voluptate repellendus error ratione cupiditate aliquid numquam.,"fugiat, optio, dolores, provident, voluptatibus",203.06,True,Postre,d51ad8fc-0cc6-46ea-bf31-40ca0a04c48e
49724c08-ffaf-40a3-be04-cf18ce02990d,Repellat,Facere modi similique quaerat mollitia.,"laboriosam, distinctio, laborum, non",110.55,False,Postre,4a00321e-a5fa-491c-b7ad-04ec45baeda3
7a400092-0fee-4a51-a917-0cb0b72ff421,Officia,Cum dolore molestiae inventore temporibus.,"explicabo, dolores, ullam",297.41,False,Bebida,0960ad33-b10b-421f-b49a-f7529289e006
c11e02af-6286-489d-81d6-26a5e1ea70b9,Omnis,Dolorem blanditiis voluptate.,"deserunt, laudantium, qui, saepe",84.61,True,Postre,7bb917dc-272b-4d84-85c6-96b3a52f7ced
738b09f4-db4f-48e0-a17f-9941289a5842,Asperiores,Ducimus ad eius perspiciatis nostrum repudiandae eum esse.,"consequatur, ipsam",75.0,False,Plato fuerte,876ad4fc-44cf-4655-b2ac-3464e13bde59
51117217-b241-4c0d-ab2b-db7b75c233dd,Non,Occaecati rem voluptatem id.,"iure, quas, assumenda",261.71,False,Postre,39aa52d5-d786-4b7f-ab78-79296025bf65
dceeded2-b022-4ccd-ac9b-da106cf2d096,Aperiam,Cumque facilis omnis sint.,"molestias, magni, corrupti, et, et",80.1,True,Entrada,3aaadacc-7046-49c6-ba9b-b0fa7f32365a
c9d91f87-b8aa-4d18-ab8e-569f1061a0cf,Cupiditate,Ducimus cum inventore at illo.,"hic, ipsum, deleniti",108.18,False,Entrada,507c2891-d7d8-4df7-b799-53c894a19f4a
4e3746af-e5b9-4547-8998-4a9a7c62f84f,Quo,Voluptas quo reprehenderit voluptatum saepe quos.,"sequi, adipisci, quisquam, praesentium, enim",106.39,False,Plato fuerte,0cf562ba-f398-4bb6-929c-857684940bef
7bed8173-337d-4390-a2e4-9ab3b555b9dd,Libero,Odio corporis excepturi error vel.,"accusantium, quo",215.94,False,Plato fuerte,fcf3885c-fe1f-408a-b3d0-b7f74fb368f4
1800796b-87b7-4a5c-af28-9f38bf832800,Eum,Quis consequatur optio beatae eaque quae.,"nobis, reprehenderit",132.73,False,Bebida,09444248-5633-4b28-a7ec-a17aa802d1ac
d8d71813-a2e4-4648-9fcf-d11f02edd26a,Magni,Explicabo numquam officiis.,"nam, laboriosam",106.7,False,Postre,f17f0f6a-a7e9-4b9c-9c7d-b87923d27850
67e35aad-10cc-484c-b8e4-683ddd650cee,Quod,Omnis ducimus ratione tenetur.,"aliquam, molestiae, hic, modi, impedit",167.83,False,Postre,0960ad33-b10b-421f-b49a-f7529289e006
393477d2-76ea-41be-8a31-bf8de3d5beb5,Doloremque,Reiciendis explicabo blanditiis pariatur velit eligendi vel quam.,"debitis, illo, natus, possimus",271.31,True,Entrada,d9518fbd-6ac6-412b-a599-b54fb620afa3
33416b04-89b3-4038-b137-76319076b670,Quae,Voluptates sequi distinctio nemo expedita repudiandae.,"neque, autem, laborum, voluptatem, ducimus",221.79,True,Postre,7bb917dc-272b-4d84-85c6-96b3a52f7ced
7a9a0b5e-f552-40c9-8e16-e527a4bb77fe,Eveniet,Ipsa voluptatem nulla a consequuntur error perspiciatis.,"veritatis, occaecati",177.6,True,Plato fuerte,de7234fe-8869-44d6-a05f-ac03f827f1da
95659804-3b88-494d-bb8e-8b316d182cef,Quae,Ipsum dolor in amet rerum non.,"aperiam, cumque, non, exercitationem, ratione",288.94,False,Entrada,59a2f4ad-d1ef-4b62-b450-2cd7ace4d428
97e3a917-5ca5-41e7-ae5c-437029ca4c19,Voluptas,Similique corporis praesentium architecto eum.,"facere, ad, commodi",215.55,False,Entrada,507c2891-d7d8-4df7-b799-53c894a19f4a
f4f20423-f826-489d-8646-a0ba6b86ef0b,Iste,Optio quo quaerat saepe debitis odio nihil.,"saepe, temporibus, voluptatum",158.21,True,Plato fuerte,80fd32e0-8ce5-4f6f-9460-d1ab2044527e
0652fcd9-4635-4e34-85e6-251bff97d9b0,Molestias,Nisi voluptates iure cumque quidem perferendis laudantium labore.,"sunt, eveniet, vero, deleniti, quam",207.53,False,Plato fuerte,3e8afa40-cc93-4fb0-b129-b224ff23627f
882ad968-83a1-4022-a67f-746d90d6108b,Aperiam,Facere accusamus praesentium.,"mollitia, nesciunt, laudantium, deleniti, occaecati",136.21,True,Plato fuerte,f17f0f6a-a7e9-4b9c-9c7d-b87923d27850
ffe34df6-0346-4a4b-996a-084b2ea2b0a5,Quibusdam,Accusantium officiis deleniti illo optio ipsa possimus.,"expedita, repellat, corrupti, ducimus",171.25,False,Bebida,017e1cd1-5bbe-428a-a468-214a2d2f1fe0
46751bea-baf8-4738-9708-5538315e95be,Dolor,Quas illo repellat quod repudiandae deserunt vel.,"sequi, similique, exercitationem",252.22,False,Plato fuerte,fa2ed7f7-001e-41ab-a250-ff8926c2c26c
71459f22-a01b-43a3-9510-d5df942e14b6,Aliquam,Animi voluptatem deleniti dolorem accusamus a sequi.,"ipsa, minima, dolorum, natus",62.98,False,Plato fuerte,fcf3885c-fe1f-408a-b3d0-b7f74fb368f4
57728913-ffce-43ef-a8ec-4fbbd055df83,Unde,Necessitatibus culpa eveniet officiis.,"porro, nemo, necessitatibus, fugiat, officia",295.46,False,Bebida,80fd32e0-8ce5-4f6f-9460-d1ab2044527e
4a352edf-005a-46a3-b105-6139d39d832f,Laudantium,Ipsa eum corporis nostrum quidem.,"veniam, excepturi, nobis, labore",157.58,True,Plato fuerte,09444248-5633-4b28-a7ec-a17aa802d1ac
1462d465-310c-4b1d-bb77-cbc231cd2e4c,Tempore,Commodi placeat deleniti minima illum.,"minima, itaque, at, dolor",165.02,False,Bebida,cd8f5802-9185-45fb-8d41-e140e37333c1
339f9539-a1ff-4836-88bc-2cc220a3191f,Quidem,Eligendi sit optio laborum.,"reiciendis, aliquid",106.8,True,Entrada,de7234fe-8869-44d6-a05f-ac03f827f1da
d8edb276-9523-4ebe-b3ab-42b1e258e18a,Magnam,Maiores quidem a autem repellat ex voluptas.,"possimus, non, ad, distinctio",138.41,True,Bebida,7bb917dc-272b-4d84-85c6-96b3a52f7ced
0262ba6d-37ae-4a9e-a849-34837278cfa3,Voluptatum,Facilis nulla est nemo hic ullam voluptate.,"amet, aspernatur",198.17,True,Entrada,59a2f4ad-d1ef-4b62-b450-2cd7ace4d428
4ddca5a4-2854-434d-8ded-9d010f4e851c,Ipsum,Aut quos quam.,"debitis, molestias, vero, beatae",288.04,False,Entrada,7c2b48e5-32c2-47c6-9c53-17fc38ef7512
3e5965aa-5fa2-498b-a64c-fe52c498c83c,Officiis,Eligendi deleniti iure voluptatum.,"numquam, veritatis, tenetur, nostrum",187.17,True,Entrada,d47b81f3-c0c9-4afd-b88c-aaf5646863bd
30edfef9-443d-4dc3-8567-8229b3aee198,Recusandae,Ipsam non quibusdam placeat enim quo eos explicabo.,"harum, quisquam, quas, laborum, maiores",189.36,True,Bebida,507c2891-d7d8-4df7-b799-53c894a19f4a
9d9761e0-ef28-40d5-990a-013166c8ee60,Numquam,Ipsum occaecati praesentium sunt dolor corporis dignissimos.,"rerum, deserunt",104.43,True,Bebida,fcf3885c-fe1f-408a-b3d0-b7f74fb368f4
7c6a5191-8310-4d8d-9a07-a0e21086084e,Laudantium,Esse omnis accusamus.,"doloribus, distinctio",261.42,False,Plato fuerte,507c2891-d7d8-4df7-b799-53c894a19f4a
fd1eb656-7da1-4b66-89ed-a5c28b99c3ef,Assumenda,Necessitatibus perferendis placeat a.,"nihil, tenetur, officia, voluptatem",240.47,True,Entrada,2bc1b109-b7de-4525-b892-5f0427d6adf8
c55286f7-47db-481c-9d86-aff597590676,Molestias,Consequatur tempora accusantium eos.,"incidunt, esse, vitae, excepturi, iure",118.48,True,Entrada,3aaadacc-7046-49c6-ba9b-b0fa7f32365a
fc3b42a8-d78c-4d32-849b-e44a77f54c04,Animi,Illum voluptatibus odio numquam.,"commodi, fuga",135.75,False,Plato fuerte,c04f7129-a8f4-440d-aa94-0aa304878ea4
bf9fb127-bcbf-4af0-b3f0-97b190abf794,Similique,Facilis occaecati quibusdam labore ipsum magni facilis.,"ipsum, excepturi",177.62,False,Plato fuerte,d9518fbd-6ac6-412b-a599-b54fb620afa3
e330f9f6-35fe-4cdf-8b29-fc62be8f111e,Quos,Vero a culpa dolorem vero.,"laudantium, facere, fugit, deleniti, minima",96.17,True,Entrada,09444248-5633-4b28-a7ec-a17aa802d1ac
d6447d06-ebe5-4d4e-a5e9-5d1824e775a5,Error,Modi veritatis quae eligendi fugiat quod libero.,"facere, placeat, ad, modi",221.64,False,Plato fuerte,82f0f0ab-f50f-490e-9ae1-2619f93b3ecf
685eed0f-0b28-4b67-b137-27c0b0030e68,Necessitatibus,A nisi labore magni.,"est, rem",243.84,True,Entrada,56de922c-a1bb-4246-98a7-b15ba656c0a3
b66ac2bd-a1fc-416d-b6c4-9b01d90c3250,Incidunt,Aliquid corporis eius aspernatur voluptatibus quisquam.,"quibusdam, possimus, unde",198.36,True,Plato fuerte,39aa52d5-d786-4b7f-ab78-79296025bf65
98076197-3525-4638-9cbe-cc0fa1946573,Temporibus,Fuga aspernatur unde.,"animi, dolorum",146.6,True,Bebida,75651d88-bb4a-420a-8e6a-310d41c6907c
0ed04ecb-3f14-4e61-946d-8b640e8c98dd,Fugiat,Magni ut distinctio.,"hic, nihil, dignissimos, nemo",149.16,False,Bebida,d9518fbd-6ac6-412b-a599-b54fb620afa3
8bd58398-e56e-4071-8dd1-14af1a9d7e62,Eum,Dolor recusandae in accusantium dignissimos.,"culpa, facilis, quas, ratione, quibusdam",265.93,True,Entrada,f83e29db-97ff-4499-8a30-55118cb97139
57e5894b-608d-42be-8f41-405b47a54df5,Commodi,In explicabo corrupti illum architecto quod culpa.,"inventore, quas",81.61,True,Bebida,fcf3885c-fe1f-408a-b3d0-b7f74fb368f4
1239f7ae-f1cc-430a-9397-af9115590d6a,Explicabo,Ad porro vero necessitatibus at.,"occaecati, veniam",185.4,True,Plato fuerte,56de922c-a1bb-4246-98a7-b15ba656c0a3
0cde5c88-be23-44e0-a3e9-c172cc7e93c6,Perferendis,Totam quidem libero harum delectus.,"temporibus, alias",225.63,False,Plato fuerte,0b2daedf-c3a1-4e1a-8ab4-e4f0c11555fa
9ef76c5c-e366-4fb2-ba6f-c6a054b1a04d,Occaecati,A odio magni quaerat.,"debitis, dicta, neque, neque, omnis",61.02,False,Plato fuerte,017e1cd1-5bbe-428a-a468-214a2d2f1fe0
bb774d27-2aae-475c-aaa0-a974d17b3ab9,Quibusdam,Incidunt veritatis nam excepturi cum est dolore laudantium.,"dignissimos, atque",63.95,False,Plato fuerte,4b495234-c98a-4be5-9175-f35228d0ac27
f4289255-ac65-429c-a6f2-ae56c10047b9,Eos,Rem ea unde voluptas quas.,"quasi, sint, velit, itaque",251.31,True,Entrada,09444248-5633-4b28-a7ec-a17aa802d1ac
14b7f9bb-86a0-498e-997e-9f21f524e2f9,Esse,Sunt sequi saepe quo atque repellat ut.,"accusamus, animi, excepturi",154.32,True,Postre,fa2ed7f7-001e-41ab-a250-ff8926c2c26c
2d844afa-14b1-41b0-9039-b1182ff21c5d,Occaecati,Numquam ea consequatur eos distinctio placeat corporis.,"ullam, sint, perspiciatis",96.85,True,Plato fuerte,c6d84d3f-cc5c-46b5-b04b-8bcdc650c6e8
7d4685d3-39c2-493a-9ea2-11e10c1052de,Blanditiis,Rerum eveniet rerum in quisquam.,"voluptatem, aspernatur, adipisci, odit, voluptas",263.79,True,Entrada,80fd32e0-8ce5-4f6f-9460-d1ab2044527e
a9082a27-5058-44ee-943d-266acaa8b9af,Ex,Animi nobis unde iure.,"est, eos, qui, ipsam, cum",270.1,True,Plato fuerte,3e8afa40-cc93-4fb0-b129-b224ff23627f
ff511088-8fe3-44d8-b9a6-9713a6d426fc,Numquam,Culpa delectus animi quasi architecto rem quaerat.,"sed, provident, veritatis, cumque, officia",179.16,False,Plato fuerte,cd8f5802-9185-45fb-8d41-e140e37333c1
98539c1f-09fb-492f-b5cd-df0c3fd9b070,Assumenda,In doloribus voluptatum quae aliquam.,"magnam, consectetur, veritatis",285.72,True,Bebida,fa2ed7f7-001e-41ab-a250-ff8926c2c26c
2172bdf4-fe7b-467e-994e-0f89af90cd42,Similique,Voluptate totam dignissimos eum iste cumque vitae.,"est, nesciunt",109.37,False,Plato fuerte,80fd32e0-8ce5-4f6f-9460-d1ab2044527e
d16f6963-e2a5-46a8-b42c-7855879a0b69,Soluta,Possimus rem ipsa molestias reprehenderit ea soluta.,"molestias, est, eligendi, optio",89.7,False,Bebida,56de922c-a1bb-4246-98a7-b15ba656c0a3
ff3293c3-7a4b-4cd6-8c80-a1f599953a88,Rem,Accusantium rerum dolor totam cumque.,"veritatis, ea, eum, assumenda",197.75,True,Postre,d9518fbd-6ac6-412b-a599-b54fb620afa3
b98f7278-8405-4db0-b8c4-3b56ab10241a,Vitae,Odio inventore assumenda accusamus recusandae inventore ea.,"voluptatibus, illum, itaque, officiis, dolorum",109.26,False,Bebida,4a00321e-a5fa-491c-b7ad-04ec45baeda3
51660d35-5aae-45ba-8cab-989ac9b1bf4c,Corrupti,Fuga id minus repudiandae molestias distinctio tempore.,"praesentium, perferendis, voluptatibus, recusandae, odio",291.12,True,Entrada,09444248-5633-4b28-a7ec-a17aa802d1ac
d53d8dff-c140-4757-a8ae-22839bc3a4a7,Totam,Sapiente facere quia.,"ducimus, facilis, eos, ipsum",107.81,False,Bebida,82f0f0ab-f50f-490e-9ae1-2619f93b3ecf
d30459d1-ca22-4a1c-b603-fd6d3c4d1f45,Asperiores,Deleniti non dolorem accusamus.,"sunt, nemo",116.56,True,Plato fuerte,4b495234-c98a-4be5-9175-f35228d0ac27
21190d9f-ddde-4095-9615-2961c7e9b54d,Consectetur,Doloribus sint atque voluptatibus.,"cumque, culpa, ipsam",184.91,False,Bebida,bd4b3ffe-2927-4c4a-ba84-81e26d3f9747
75c2cb82-2e22-49fd-8ced-1d281a6c62ee,Odio,Provident maiores praesentium pariatur officiis veritatis.,"nostrum, dolore, esse, atque",99.29,False,Entrada,090f2be3-cae0-4be5-89d7-d90367f69496
be423636-41cc-4013-835b-43db03b98870,Optio,Dolore doloribus aspernatur mollitia.,"quidem, dignissimos, expedita, minus",137.22,True,Plato fuerte,80fd32e0-8ce5-4f6f-9460-d1ab2044527e
1ff89e3e-c627-46b8-a844-1d86afb7cfe2,Magnam,Voluptatibus voluptatem ad odit rerum.,"fugiat, a, expedita",148.12,True,Plato fuerte,f17f0f6a-a7e9-4b9c-9c7d-b87923d27850
982f5940-31e7-43c8-98c5-885b20459fe8,Impedit,Quis deleniti reprehenderit ratione suscipit quos.,"repellat, expedita, ducimus",85.28,False,Postre,166e45e7-0158-41cc-a09c-1cae75cdc751
65c23846-20c9-4fb6-ad25-fc30cf3e2363,Ullam,Quis sit quaerat corporis consectetur repellendus soluta.,"beatae, molestias",222.06,False,Entrada,507c2891-d7d8-4df7-b799-53c894a19f4a
2c66aa43-9e5d-4357-bd11-7488a1f30b0a,Cumque,Nihil maxime eius dignissimos magni nostrum eius.,"dolorem, dicta, vitae, vel",129.75,False,Bebida,0b2daedf-c3a1-4e1a-8ab4-e4f0c11555fa
f4e364c3-4ede-418a-a1c6-ec06222c844f,Ex,Magnam at labore architecto soluta dolorem.,"quis, id, sit",157.76,False,Plato fuerte,39aa52d5-d786-4b7f-ab78-79296025bf65
346f1713-9c1c-4c41-b6e1-0ced24fcc0c7,Placeat,Doloremque voluptas vel repudiandae excepturi.,"similique, molestiae, excepturi, sed",285.71,False,Postre,80fd32e0-8ce5-4f6f-9460-d1ab2044527e
6073d166-21b0-4a1c-b9d4-a5fd5ef684cd,Minima,Aperiam reiciendis facere blanditiis blanditiis.,"quis, dolore, tenetur, consequatur, neque",180.77,False,Postre,75651d88-bb4a-420a-8e6a-310d41c6907c
ebb92081-9a02-406b-86ef-cc5aa4a59bef,Commodi,Ea culpa impedit.,"accusamus, ullam, deleniti",223.85,False,Bebida,0b2daedf-c3a1-4e1a-8ab4-e4f0c11555fa
f105a290-b42c-4ecf-b73b-dccf69fa23f6,Maiores,Aperiam inventore repellendus laborum consequuntur quibusdam totam.,"sint, dolor, nesciunt, consequatur",173.56,False,Plato fuerte,26f1c534-aee4-4776-95c5-91368050a207
c922a004-0285-42c7-820b-3df0108cb87f,Doloremque,Tempora unde dicta eligendi dolore iste.,"eaque, modi, inventore",247.1,True,Plato fuerte,fa2ed7f7-001e-41ab-a250-ff8926c2c26c
aff9e193-be87-48fa-94e4-9512bb039962,Enim,Quod recusandae cupiditate voluptatem impedit.,"earum, laboriosam",206.59,False,Entrada,39aa52d5-d786-4b7f-ab78-79296025bf65
ca2a134c-d681-4312-a301-19b9f466f23b,At,Quaerat minima quia nobis doloremque magni numquam vero.,"quo, inventore",284.92,True,Plato fuerte,fa2ed7f7-001e-41ab-a250-ff8926c2c26c
cb2812f4-e5b8-41a7-9e0b-a84a96686651,Cumque,Consequatur suscipit aliquam ullam nobis pariatur.,"veritatis, labore, deleniti, reiciendis",144.36,False,Bebida,7c2b48e5-32c2-47c6-9c53-17fc38ef7512
e68781c7-af1f-40e5-acd5-32b8ba872029,Ex,Repellendus omnis dolor earum labore aut.,"ratione, commodi, architecto",84.29,False,Postre,017e1cd1-5bbe-428a-a468-214a2d2f1fe0
c54bfddf-347f-4cfd-aa21-90676ecd1c99,Deserunt,Dolorem dicta quos vel enim necessitatibus.,"autem, deserunt, architecto, officiis",107.94,False,Entrada,d47b81f3-c0c9-4afd-b88c-aaf5646863bd
b086dc67-d34d-47c8-950f-29f0a5f07b86,Laboriosam,Hic dolore provident ratione ipsam dolorem.,"soluta, ea, aliquam, nisi",289.56,True,Bebida,c4028316-b6a2-426a-9984-77968bb10f25
ff64202c-5788-45b1-90cb-024cc838011c,Accusamus,Dicta impedit similique similique dolore veritatis maiores.,"blanditiis, provident, earum",181.63,False,Bebida,4a00321e-a5fa-491c-b7ad-04ec45baeda3
ffb5dcee-f26a-4f02-a4ca-a59da0cf7823,Necessitatibus,Quis nesciunt est qui nobis.,"velit, est, at, labore",55.74,True,Entrada,0b2daedf-c3a1-4e1a-8ab4-e4f0c11555fa
48cb7df9-e11a-4958-b04f-51406b7fa350,Veniam,Consequuntur rem alias rem esse eaque.,"voluptatibus, laudantium, quas, ipsum, tenetur",126.42,True,Postre,c6d84d3f-cc5c-46b5-b04b-8bcdc650c6e8
5f8d5c6c-2523-4e40-9021-aa217e538f3e,Nostrum,Sapiente at nemo eveniet iure quod.,"ducimus, aspernatur, hic",119.55,False,Plato fuerte,59a2f4ad-d1ef-4b62-b450-2cd7ace4d428
8619dd59-05e5-4e89-84ff-0091636aa3c6,Iure,Fugit itaque asperiores ducimus minus.,"accusamus, ab",75.69,False,Plato fuerte,7563a09d-7d83-4a0e-afe5-04d27e3bc749
75c8360a-b9af-4481-b602-1361541f0cc8,Id,Consequuntur iure repellendus ut nobis nobis numquam.,"at, recusandae, beatae",112.78,True,Plato fuerte,4b495234-c98a-4be5-9175-f35228d0ac27
d05c54df-ecf5-4b4a-b369-13b9e422b5a5,Magni,Aliquam nesciunt quaerat eos.,"iusto, illo",161.56,True,Bebida,f17f0f6a-a7e9-4b9c-9c7d-b87923d27850
9b25ec2f-d1dd-4e3f-880d-39aed9735296,Voluptatibus,Nesciunt nostrum corrupti rem unde.,"cum, itaque, ab, cum, rerum",298.72,False,Postre,7bb917dc-272b-4d84-85c6-96b3a52f7ced
15d678f4-613d-4681-93a3-47cf6367ff5e,Iste,Ut quis eius neque qui doloribus.,"doloribus, magni, eos",118.28,True,Entrada,56de922c-a1bb-4246-98a7-b15ba656c0a3
0972edff-3bf1-45c8-a802-87f63f98526f,Ea,Sed explicabo dolorum omnis illum saepe sed.,"optio, dolorem",68.28,True,Postre,fa2ed7f7-001e-41ab-a250-ff8926c2c26c
88b06749-97a9-4394-9b2d-625a7f7c2118,Reiciendis,Et quos consectetur nobis dicta quo rerum.,"molestiae, dolorem, cum",62.52,False,Entrada,f17f0f6a-a7e9-4b9c-9c7d-b87923d27850
ac4118f5-4f8f-4698-a130-224f3d45716d,Est,Quos corporis vel in nemo velit saepe.,"debitis, vitae, dolor",69.79,True,Postre,090f2be3-cae0-4be5-89d7-d90367f69496
3b7e6e5e-d5e1-4738-bee2-6608bdd53716,Id,Pariatur voluptatibus deleniti ad velit.,"ad, ipsum, eligendi",87.89,True,Postre,de7234fe-8869-44d6-a05f-ac03f827f1da
f3696408-0d85-4d6e-836d-d7241f9582b4,Suscipit,Porro voluptatibus a ea.,"amet, dolore, nesciunt",86.55,True,Plato fuerte,2bc1b109-b7de-4525-b892-5f0427d6adf8
f47ac71f-99e1-4412-9a9a-85b8926df9b4,Maxime,Amet asperiores quae ipsam.,"quod, ex, error",141.79,False,Plato fuerte,80fd32e0-8ce5-4f6f-9460-d1ab2044527e
f38d1ba9-19fd-4187-b5c8-61056efdcb0f,Eius,Veniam quod deserunt deserunt numquam sequi possimus.,"ducimus, atque, magnam",116.37,True,Entrada,d47b81f3-c0c9-4afd-b88c-aaf5646863bd
13cf7003-9a67-467a-8faa-5433005dbbf2,Quos,Id nihil quas tempore a et nam.,"perspiciatis, dolore, labore, quo, dolores",154.74,False,Plato fuerte,f83e29db-97ff-4499-8a30-55118cb97139
e3a39889-eb09-44e6-bed8-c38dc48a7510,Itaque,Sed similique est.,"doloremque, eum, delectus",283.58,True,Bebida,7bb917dc-272b-4d84-85c6-96b3a52f7ced
8aa6b812-8333-4388-b41f-84fe585e5d5e,Nihil,Labore iusto impedit.,"expedita, similique, sunt, consequatur",156.09,True,Entrada,4a00321e-a5fa-491c-b7ad-04ec45baeda3
b6b0ee42-58a2-485e-81df-7813d4b8c23b,Nisi,Assumenda distinctio id deserunt deserunt.,"neque, maiores, ad",299.5,False,Entrada,56de922c-a1bb-4246-98a7-b15ba656c0a3
91245bf5-e752-4480-bbf0-102159d40879,Fugit,Recusandae iste quia.,"adipisci, mollitia, nulla",269.2,True,Bebida,347efec1-5946-47c8-b52e-d9ae8db478d2
9dfe85ec-24b6-4f81-b6ff-6474cc73a455,Ipsum,Excepturi necessitatibus ipsa saepe molestias facilis repellat.,"fugiat, natus",133.72,False,Plato fuerte,56de922c-a1bb-4246-98a7-b15ba656c0a3
3ef9f75a-9d6d-4bee-8e06-f7f6c38c8b91,Id,Inventore provident blanditiis atque deleniti sit.,"commodi, libero, nesciunt",174.87,True,Entrada,4b495234-c98a-4be5-9175-f35228d0ac27
b2dad821-aebc-47f1-9c5c-c23531d3ba27,Illum,Repudiandae voluptas quos illum.,"odit, sunt, reprehenderit",263.93,False,Bebida,2bc1b109-b7de-4525-b892-5f0427d6adf8
e4f8a2bb-d1db-4259-ae4e-671099b0cc80,Eius,Voluptatibus harum fuga accusamus molestiae.,"dolorum, nemo",221.44,True,Bebida,2bc1b109-b7de-4525-b892-5f0427d6adf8
55a78d0a-8d00-4fe4-9590-cf3945c5365d,Tempore,Ullam ea eius officia.,"autem, sint, ut",217.7,False,Postre,7563a09d-7d83-4a0e-afe5-04d27e3bc749
5b497bb7-a290-4bb5-81ba-df23e469610c,Vero,Exercitationem omnis ratione ipsum.,"quibusdam, minus, vel, repudiandae, voluptates",217.14,False,Bebida,eab3afd1-a29a-4208-af86-8517249ebefb
3d09b8dc-ef0b-4587-8d30-b209232b6682,Asperiores,Sequi officia nam quasi reprehenderit eum eum molestiae.,"voluptatibus, ipsa",232.77,True,Bebida,39aa52d5-d786-4b7f-ab78-79296025bf65
760150e4-ab25-43e4-bebc-6369060e28df,Est,Asperiores eveniet eaque quam corporis incidunt.,"corporis, cumque, expedita",269.17,False,Bebida,3e8afa40-cc93-4fb0-b129-b224ff23627f
37ba251e-51b5-4af7-9f11-0e010b19e422,Nisi,Deleniti eligendi cum quo soluta nisi exercitationem.,"ipsa, corrupti, explicabo, quasi, ex",185.92,False,Postre,de7234fe-8869-44d6-a05f-ac03f827f1da
7699a702-6f50-4a24-badb-826f03372d72,Tempora,Similique totam sequi unde exercitationem nesciunt.,"quia, distinctio, exercitationem, iusto",293.27,False,Plato fuerte,f17f0f6a-a7e9-4b9c-9c7d-b87923d27850
71db84ea-0ebd-4503-99c8-e841eb945eef,Perferendis,Quo et commodi optio illo corrupti.,"repellendus, soluta, maxime, facilis, nemo",172.05,False,Bebida,4a00321e-a5fa-491c-b7ad-04ec45baeda3
70ce89af-2a57-42eb-913f-5f713aab72bb,Rem,Suscipit nesciunt dignissimos voluptatem architecto id ratione.,"unde, similique, similique",127.09,True,Bebida,1d84f804-ca56-4e53-b6ae-490114b33e33
2b629799-e8e1-4aec-a290-bc8cf13eb4ef,Odio,Eligendi blanditiis necessitatibus fuga et tempore.,"molestiae, vero, nostrum",281.12,True,Entrada,cbaf8724-0a17-401c-b8b0-4999c68da5d0
7011ff37-7408-434f-9311-755a966be124,Commodi,Tempora minus cumque sed eius placeat.,"illum, mollitia, inventore, omnis",221.3,False,Entrada,fcf3885c-fe1f-408a-b3d0-b7f74fb368f4
abdf62fa-4616-4ffa-89d8-7e4eaaa45118,Enim,Fugit numquam perspiciatis excepturi totam omnis.,"est, veniam",287.74,False,Postre,bd4b3ffe-2927-4c4a-ba84-81e26d3f9747
d4e6a80e-8321-4fa5-9c39-93f76965ba9d,Consequatur,Cumque voluptates dolorum autem nulla.,"omnis, vero, ullam",104.71,True,Bebida,26f1c534-aee4-4776-95c5-91368050a207
c0d2b0ec-946e-4f22-a217-3877b61af972,Vero,Veniam soluta et nobis veritatis repellendus.,"tenetur, sunt, enim",121.7,True,Plato fuerte,bd4b3ffe-2927-4c4a-ba84-81e26d3f9747
d535b6c0-1162-411f-a9e3-9b0c573d1f1f,Optio,Quasi reprehenderit quasi rem reiciendis.,"placeat, assumenda, itaque, nihil",175.27,True,Plato fuerte,ff6b97f0-54a8-46c7-9cf0-7e3c8c1457db
5b4ff3a3-cad2-4056-9856-0417963b2f9d,Odit,Distinctio tempora ratione dolores.,"magni, voluptates, vitae, autem, alias",247.14,True,Entrada,ff6b97f0-54a8-46c7-9cf0-7e3c8c1457db
e381dabd-be6f-4ab7-93d5-ca73ccbcf8c1,Excepturi,Adipisci necessitatibus quod occaecati nam.,"placeat, necessitatibus",250.65,True,Entrada,09444248-5633-4b28-a7ec-a17aa802d1ac
5b65065b-13d6-44ed-a429-a007294e6473,Tempora,Nihil id odio maxime natus.,"harum, itaque, corrupti, inventore",293.19,True,Postre,2bc1b109-b7de-4525-b892-5f0427d6adf8
95b65457-6eb3-4354-bcf3-aa25a55aef47,Provident,Tenetur ipsa dignissimos sunt voluptate dolor repellendus.,"maiores, necessitatibus, maiores",121.19,False,Bebida,d47b81f3-c0c9-4afd-b88c-aaf5646863bd
8aa29bf0-96b5-42ed-b1f3-87debf9c321b,Repellat,Ducimus nisi tempore tempora repellendus corrupti perferendis.,"quia, tempora, dolorem, consequatur, sunt",274.94,False,Postre,3aaadacc-7046-49c6-ba9b-b0fa7f32365a
7a8581a0-de3a-4c05-ac9c-f37ef2849e6e,Nemo,Quis eius porro facere vero facere.,"quas, ea",228.21,True,Bebida,7563a09d-7d83-4a0e-afe5-04d27e3bc749
f9b41f93-5e0a-4826-a0f5-d0c97485ed94,Nostrum,Error eaque vero quis.,"velit, explicabo, nihil, doloribus, recusandae",103.06,True,Bebida,f17f0f6a-a7e9-4b9c-9c7d-b87923d27850
449fc0b7-adb6-43c5-b9a9-15b72704e174,Debitis,Voluptatum cum quasi expedita dolore nam.,"repellendus, architecto, quod, provident",95.27,False,Plato fuerte,df5ac462-afd0-4622-8290-89689c6bd6a5
40b803eb-fc0d-43dd-b833-e99c869255a2,Enim,Repellat minima impedit sequi aliquid ad dolores.,"repellat, velit, amet",56.4,True,Plato fuerte,cbaf8724-0a17-401c-b8b0-4999c68da5d0
25b9b9f3-d81c-4300-972f-c42c6f676dab,Esse,Animi omnis harum voluptatibus aspernatur aperiam.,"assumenda, praesentium, earum, deleniti, quis",90.45,True,Bebida,cbaf8724-0a17-401c-b8b0-4999c68da5d0
4252c9e4-dfa7-4bc8-86cc-c8771d59d976,Temporibus,Ipsa soluta ipsam tempore.,"aliquam, adipisci, repellendus, officia",69.59,False,Plato fuerte,75651d88-bb4a-420a-8e6a-310d41c6907c
a2b72773-4f72-48ce-af43-419ee8287cf0,Nisi,Rem ea perspiciatis vitae earum nisi explicabo.,"quasi, maxime",117.69,True,Bebida,bf6b7ff2-4dbd-4b83-8ede-7f23a93d8801
7cae5e59-b5f9-46c0-90ea-0384e3cdceba,Facilis,Recusandae officiis magni amet temporibus ex quo.,"facere, sint, tenetur, recusandae, minus",128.28,True,Plato fuerte,5ed93c2c-3839-4344-bd8c-6f5eda7a1d9d
f882c114-ce4c-486f-a9ca-26c9756e8a12,Laboriosam,Quos quia delectus quas.,"qui, ipsam",283.09,False,Postre,c04f7129-a8f4-440d-aa94-0aa304878ea4
de4d6aa9-036f-44cf-a008-3b07a226f1f2,Consequuntur,Quibusdam beatae ipsa recusandae itaque.,"deserunt, libero, corrupti, neque",282.91,False,Bebida,090f2be3-cae0-4be5-89d7-d90367f69496
b87c342d-cfe5-41ac-bc8b-decc78a15f9c,Voluptatum,Odit ea quis quos.,"ad, minima",104.97,False,Postre,de7234fe-8869-44d6-a05f-ac03f827f1da
feac7b75-8f57-499d-8618-ac91ffe3192d,Hic,Ea excepturi perspiciatis dolorum animi quas.,"a, distinctio, sint, unde",190.74,False,Bebida,26f1c534-aee4-4776-95c5-91368050a207
aa4f6c39-36db-4149-b956-7453898f581b,Velit,Aperiam animi ab at autem.,"ipsum, provident, consequuntur, labore, amet",111.36,True,Entrada,4080a4cd-67a8-4bd3-b46e-6f7351c10029
9aae5bac-18ba-4830-881d-8f1587650fe2,Nostrum,Consequuntur molestias veritatis cum animi adipisci consequuntur atque.,"corrupti, impedit, aspernatur",135.7,False,Bebida,fa2ed7f7-001e-41ab-a250-ff8926c2c26c
5aa4bb2b-05fb-4d4d-848a-08cd069c566f,Autem,Debitis vitae vel sint porro sunt.,"aut, fuga, possimus, fuga",139.27,True,Postre,39aa52d5-d786-4b7f-ab78-79296025bf65
6690fd30-96d2-4d40-a591-794a5e92e322,Impedit,Fugit maxime deserunt repellat quis enim.,"rerum, temporibus",83.89,True,Postre,d51ad8fc-0cc6-46ea-bf31-40ca0a04c48e
e4d4470d-7c21-470a-ab5c-25ab86eb96eb,Quo,Fugiat sapiente iusto pariatur.,"fugiat, magni, eius, totam",141.26,True,Postre,cbaf8724-0a17-401c-b8b0-4999c68da5d0
aa0cbe87-d204-40c4-a0d3-6ef4f9b9a334,Autem,Autem nostrum quod natus ipsam rem.,"architecto, in, harum, earum",166.26,False,Plato fuerte,3e8afa40-cc93-4fb0-b129-b224ff23627f
c71e8de8-96e6-4d7b-8d80-cbf7938cef1f,Doloremque,Temporibus cupiditate totam aliquid hic neque saepe.,"dolores, fugit, soluta, quos, aliquid",201.12,False,Bebida,347efec1-5946-47c8-b52e-d9ae8db478d2
adf800c1-05ef-4c71-9092-aaa2bc5b6106,Neque,Saepe ratione enim beatae.,"dolore, velit, amet",139.46,False,Entrada,347efec1-5946-47c8-b52e-d9ae8db478d2
a2f2aa96-3e7f-4740-8c87-0c2ded521556,Recusandae,Corporis maiores ipsam odit at.,"numquam, in, consequuntur, commodi",94.85,False,Plato fuerte,eab3afd1-a29a-4208-af86-8517249ebefb
991cd0ff-5fa7-460f-b076-b74ac4a09075,Omnis,Sint similique et repellat fugit magnam placeat in.,"fuga, veritatis",130.3,True,Bebida,1d84f804-ca56-4e53-b6ae-490114b33e33
1577f4cf-361d-4c43-b4a5-bd06cba32001,Enim,Incidunt et officia repellendus.,"delectus, suscipit, nihil, provident",105.03,False,Postre,0960ad33-b10b-421f-b49a-f7529289e006
07051a29-f464-45f2-aed4-e0cabf50d622,Illo,Ut ipsum commodi optio ipsa.,"fugiat, illo, fugit, laudantium, nesciunt",171.0,True,Postre,090f2be3-cae0-4be5-89d7-d90367f69496
4530c811-97c6-4f88-b667-f2e989a708d8,Quas,Ipsum incidunt culpa facilis dolore doloremque hic nobis.,"atque, maiores, nostrum, quaerat",134.21,True,Bebida,c04f7129-a8f4-440d-aa94-0aa304878ea4
bafa30d9-b06c-4427-96b8-1df4579f317d,Fugit,Minima velit fuga eligendi itaque impedit.,"saepe, cum, nostrum",271.62,False,Bebida,26f1c534-aee4-4776-95c5-91368050a207
fafd6004-952a-41de-827f-ad07e7804e75,Minus,Ab consequatur in quae.,"necessitatibus, sint, fuga",155.35,True,Plato fuerte,fcf3885c-fe1f-408a-b3d0-b7f74fb368f4
eab1bb90-f251-4d85-8ecf-893b5127f66b,Fuga,Laboriosam minus deserunt nam ipsum ullam.,"fuga, veniam, nulla",199.62,False,Postre,80fd32e0-8ce5-4f6f-9460-d1ab2044527e
17ff56e2-df34-4ca5-a47e-a5ddfd0e4cc9,Eaque,Voluptas ducimus quaerat laboriosam harum nihil mollitia.,"nam, quam, non",149.85,False,Bebida,017e1cd1-5bbe-428a-a468-214a2d2f1fe0
aeb6d2d7-93d9-4402-a554-2344779a4a41,Repellat,Optio illum expedita maiores nam ipsa occaecati exercitationem.,"laborum, ipsa, assumenda",169.56,True,Postre,de7234fe-8869-44d6-a05f-ac03f827f1da
078a7f13-3311-4b53-91a3-cb3bb2e0f95d,Maiores,Ipsam aliquam error beatae.,"excepturi, vitae, in, nulla",68.69,False,Plato fuerte,7bb917dc-272b-4d84-85c6-96b3a52f7ced
366223a9-cf63-48ff-ba81-7f62bdcd6ed6,Dignissimos,Minima modi molestias nostrum.,"ea, illum",121.97,False,Bebida,9eee8071-3181-471d-a6a5-5a808cca9980
8b6f3100-4d57-4bd7-8304-68ca66bb4bd0,Cum,Ut illum placeat temporibus sunt sint.,"modi, placeat, molestias, accusantium",81.96,False,Plato fuerte,c6d84d3f-cc5c-46b5-b04b-8bcdc650c6e8
806d6856-7dba-497b-a060-8b1462a2e462,Expedita,Et reprehenderit enim impedit.,"error, cum",96.65,False,Plato fuerte,507c2891-d7d8-4df7-b799-53c894a19f4a
b73e2d97-4176-4253-be1e-08b432398f30,Repellendus,Voluptates doloribus nisi eum mollitia saepe iste.,"distinctio, vel, voluptate",107.63,True,Entrada,0960ad33-b10b-421f-b49a-f7529289e006
c288bb53-949b-4977-96e4-32a0df9a01a1,Ipsam,Vero explicabo doloremque iusto voluptates.,"consequatur, at, iure, quos, consequatur",112.66,True,Postre,5ed93c2c-3839-4344-bd8c-6f5eda7a1d9d
4c080f22-a64e-4b14-94eb-67cc220e5118,Praesentium,Repudiandae natus temporibus soluta a.,"asperiores, repudiandae, ut, ducimus",139.27,True,Plato fuerte,7bb917dc-272b-4d84-85c6-96b3a52f7ced
5aaccad6-a673-4423-958e-1c9805962966,Est,Aliquid odio quas dolorum corporis.,"ipsum, sed, vitae, magni, deleniti",264.25,True,Postre,fa2ed7f7-001e-41ab-a250-ff8926c2c26c
c3e4d210-d0bf-439d-af3d-ecb955d1622a,Minima,Aperiam iusto facere dolores voluptate enim eveniet.,"at, nulla, consequatur",210.09,False,Bebida,876ad4fc-44cf-4655-b2ac-3464e13bde59
105e11bb-30ae-41fb-9968-34619c904dab,Harum,Reprehenderit eos recusandae odio deserunt aut.,"officiis, laudantium, dolorum",68.29,True,Plato fuerte,1d84f804-ca56-4e53-b6ae-490114b33e33
739514d7-e998-49f8-abb1-30752a987f4b,Animi,Culpa a beatae eligendi est excepturi.,"quidem, optio, fuga",196.72,True,Bebida,8ccb58a1-4523-41db-92b2-4c5cc348a28c
a83d1620-3b8e-4007-8a6f-c35a75f60227,Soluta,Sunt molestiae est.,"repudiandae, voluptas, alias",54.47,False,Plato fuerte,82f0f0ab-f50f-490e-9ae1-2619f93b3ecf
2cb33c7e-c152-4aaa-90e9-c098b71e0d97,Maxime,Neque fugiat rem quisquam maxime veritatis.,"impedit, ipsam, facere, itaque, eaque",120.34,True,Plato fuerte,4080a4cd-67a8-4bd3-b46e-6f7351c10029
517cef60-c38c-493c-918a-64944765c718,Iusto,Quos dolorum earum.,"maxime, voluptates, placeat, nemo, mollitia",144.69,True,Entrada,017e1cd1-5bbe-428a-a468-214a2d2f1fe0
5b0f770a-52a7-4c75-ad30-7976ce3de1e0,Ducimus,Earum culpa ullam fugit.,"quasi, explicabo",126.48,True,Bebida,cbaf8724-0a17-401c-b8b0-4999c68da5d0
66423856-b20d-43aa-ad81-6b8cf448c33c,Commodi,Quos rem repellat voluptates consequuntur.,"labore, dolores",111.46,False,Plato fuerte,3aaadacc-7046-49c6-ba9b-b0fa7f32365a
6bd4ee97-9d43-422a-b1fa-9aed6cbade36,Ab,Pariatur quisquam dolores vitae.,"perspiciatis, quasi, totam",141.98,False,Entrada,7563a09d-7d83-4a0e-afe5-04d27e3bc749
d18c850d-6446-49a4-9f6a-5e8e4aa96668,Voluptates,Accusantium assumenda minus voluptates.,"amet, fuga, perspiciatis, unde, quaerat",96.26,False,Entrada,ff6b97f0-54a8-46c7-9cf0-7e3c8c1457db
ea870c36-92b7-4c2a-a011-78acdd6c0cf7,Pariatur,Accusamus provident molestias distinctio voluptatem eius molestias.,"ratione, eum",257.77,False,Entrada,c6d84d3f-cc5c-46b5-b04b-8bcdc650c6e8
2f5c0531-6d0f-4d35-ab7b-ef7fa50ec982,Neque,Aut dolorum quas quisquam numquam minus blanditiis porro.,"nostrum, deserunt, atque, perferendis",58.83,True,Plato fuerte,39aa52d5-d786-4b7f-ab78-79296025bf65
a87cc496-8629-4ea7-83f0-438c94ec983d,Laborum,Laudantium magni accusantium officiis ipsum.,"velit, ipsum, soluta, quaerat, aliquid",114.93,False,Plato fuerte,d51ad8fc-0cc6-46ea-bf31-40ca0a04c48e
a6c62a42-c918-48f8-97c0-44996261448f,Quam,Dolorum et unde molestias.,"esse, incidunt",118.87,True,Plato fuerte,56de922c-a1bb-4246-98a7-b15ba656c0a3
dbd98db6-c2b0-4560-b3a9-615c5f955aad,Consectetur,Quas alias doloribus eos eos asperiores.,"illo, qui, possimus, omnis, modi",231.96,False,Bebida,75651d88-bb4a-420a-8e6a-310d41c6907c
0e1c1040-9099-430f-bdd4-23d83f80bc8b,Voluptatem,Possimus quidem iste doloribus.,"ipsum, illo",169.2,True,Plato fuerte,f83e29db-97ff-4499-8a30-55118cb97139
2ad2f51b-071d-42b1-b8bd-f1202cb7dad8,Ad,Cupiditate vel sed nulla.,"fugiat, eius, delectus, aliquam",160.95,False,Postre,9eee8071-3181-471d-a6a5-5a808cca9980
50f2d7e6-9a55-4afb-89cc-da0491c714b7,Quam,Minima accusantium a totam consectetur excepturi.,"aperiam, quas, quod, quod, aperiam",182.87,False,Bebida,bd4b3ffe-2927-4c4a-ba84-81e26d3f9747
d3599bfe-0ff5-479a-a3a3-08d98ef3e6d7,Error,Dignissimos nulla autem natus veritatis nihil nisi.,"iure, sit, itaque, molestias",277.9,False,Entrada,8b5cc1c3-d3bd-4379-9cbf-55e566f44685
06ada545-ac89-4a8b-9fc3-16c4107876c3,Eligendi,Temporibus ipsam ea quam ducimus rerum.,"consequuntur, earum, esse, tempore, animi",189.97,True,Plato fuerte,9eee8071-3181-471d-a6a5-5a808cca9980
21010248-076f-483f-9870-cbb45cef0e0c,Sunt,Mollitia autem quis illum perspiciatis.,"quam, non",89.52,False,Bebida,ff6b97f0-54a8-46c7-9cf0-7e3c8c1457db
36ce6285-9480-44be-8898-52f23955ce39,Illo,Aperiam totam explicabo quaerat.,"suscipit, eos, sapiente, amet",55.13,True,Plato fuerte,c04f7129-a8f4-440d-aa94-0aa304878ea4
07263a27-d190-4285-ba6c-63055320f6f3,Explicabo,Cum recusandae delectus occaecati sint inventore voluptate.,"aspernatur, aspernatur, praesentium, nam",275.72,True,Bebida,09444248-5633-4b28-a7ec-a17aa802d1ac
b01d2822-1826-43fa-aabb-a1b28d74dbc1,Beatae,Laboriosam reiciendis optio non facilis maxime error molestiae.,"natus, sunt, non, culpa",132.73,False,Postre,507c2891-d7d8-4df7-b799-53c894a19f4a
d5b1200d-9444-4f17-a452-2693a8c979c6,Consectetur,Facilis quasi quos sint nisi facere nulla.,"harum, nemo",211.75,False,Plato fuerte,7bb917dc-272b-4d84-85c6-96b3a52f7ced
51fb9213-e895-455c-93b0-5e253f731116,Saepe,Quae porro magnam accusamus atque.,"deleniti, ad, ad, animi, qui",273.92,False,Plato fuerte,4a00321e-a5fa-491c-b7ad-04ec45baeda3
dfaa9a47-c171-4397-bfa2-de0572cf0119,Tenetur,Consequatur tempora aspernatur.,"fugit, recusandae, natus, in",223.76,True,Entrada,090f2be3-cae0-4be5-89d7-d90367f69496
f84ae693-7899-4ad6-88e4-6b9be70cb221,Tempora,Esse modi atque nihil molestiae.,"et, nemo, labore, et, voluptas",51.96,True,Plato fuerte,9eee8071-3181-471d-a6a5-5a808cca9980
8d6f88a0-686d-48a5-ae10-d7cdd631c6a6,Perferendis,Debitis iste distinctio facere.,"ullam, laudantium",222.95,False,Bebida,80fd32e0-8ce5-4f6f-9460-d1ab2044527e
179c19ec-5685-4e6c-bfd6-acf53920c7a2,Et,Voluptate soluta sunt odio maiores.,"sint, voluptatibus",107.82,False,Entrada,7563a09d-7d83-4a0e-afe5-04d27e3bc749
bd20dd5d-3f4f-45ac-a6f2-6eb437d8e07d,Nostrum,Velit dicta earum placeat consequuntur ad illum.,"quam, odio, minima, aliquam, itaque",105.49,True,Entrada,c04f7129-a8f4-440d-aa94-0aa304878ea4
dd022371-755c-45f4-9faa-9787cc99b0ac,Aspernatur,Facere at labore aspernatur perferendis.,"voluptatibus, doloremque, minima, aliquam, cupiditate",85.09,True,Plato fuerte,bd4b3ffe-2927-4c4a-ba84-81e26d3f9747
6842b93a-00df-403a-a055-bde460f82c14,Facilis,Aut praesentium sunt ut harum.,"harum, repudiandae, facere",240.2,False,Postre,f17f0f6a-a7e9-4b9c-9c7d-b87923d27850
8810b1cf-68f0-4f32-8daa-663962c7d206,Nostrum,Unde quod dolorum alias ipsam sit minus ratione.,"veniam, ipsum, illo, repellat, eligendi",104.14,False,Entrada,59a2f4ad-d1ef-4b62-b450-2cd7ace4d428
1c914ec8-8fe8-48f2-bec8-c746c0d6fdf2,Excepturi,Dolore autem consequuntur cumque eos.,"deserunt, quis",75.06,True,Entrada,1d84f804-ca56-4e53-b6ae-490114b33e33
dda8a460-a5b5-4261-8589-b8a65b26d41b,Est,Commodi est ipsa porro perferendis necessitatibus voluptatem dolorum.,"ea, quod, fugit",188.23,True,Bebida,09444248-5633-4b28-a7ec-a17aa802d1ac
053c92e0-a92d-4968-a16b-daaddcdc98f3,Voluptate,Tenetur quis occaecati odit debitis labore eveniet.,"alias, praesentium, sequi, molestias, laborum",277.21,False,Bebida,0cf562ba-f398-4bb6-929c-857684940bef
037ff60e-e3fb-412a-9fe9-c0f0449f7129,Quibusdam,Nesciunt harum dolorem et.,"in, quo",178.99,True,Postre,166e45e7-0158-41cc-a09c-1cae75cdc751
b3583840-85d8-4594-ba35-ba5090d38d2a,Aspernatur,Maiores quibusdam sunt corrupti odit.,"dolorem, voluptates, nihil",198.13,False,Bebida,0cf562ba-f398-4bb6-929c-857684940bef
ceab7c6d-6612-4e23-b9d6-fa67199f5075,Odio,Nihil nam inventore maxime ea ab possimus fugiat.,"occaecati, dolore, tempore, officia, eum",186.37,False,Bebida,1d84f804-ca56-4e53-b6ae-490114b33e33
aaa30906-a73d-45f8-8c56-8e25857966be,Alias,Est sunt perspiciatis perferendis nemo numquam.,"architecto, enim",232.33,True,Postre,75651d88-bb4a-420a-8e6a-310d41c6907c
b9c7bda4-fa98-424b-a6c2-999ab61a20a9,Fugiat,Ut reiciendis nulla labore neque.,"blanditiis, architecto, eaque",256.19,False,Postre,59a2f4ad-d1ef-4b62-b450-2cd7ace4d428
9310cfca-53f4-45a7-abe4-48b3d41b0c2b,Dolores,Odio quos odit voluptatem.,"iure, corrupti, temporibus",243.91,True,Postre,cd8f5802-9185-45fb-8d41-e140e37333c1
00662e9f-3bb1-4658-8203-ed1a9591880f,Fuga,Praesentium quam magnam minima.,"nemo, dolor, quia, facilis",198.27,False,Entrada,8b5cc1c3-d3bd-4379-9cbf-55e566f44685
074441cb-c0ac-4caf-9512-36af3bb7afe2,Animi,Quaerat animi expedita.,"minima, quis, quod",177.67,False,Entrada,4a00321e-a5fa-491c-b7ad-04ec45baeda3
cffef27e-e364-49b8-befc-bd266d81d0b5,Voluptatem,Officia expedita quos praesentium.,"illum, vel, totam",272.13,True,Bebida,df5ac462-afd0-4622-8290-89689c6bd6a5
6fc6a1c0-9f74-474d-bf87-50c8a0deece1,Ea,Beatae voluptate odit.,"incidunt, animi, eius, molestiae",261.47,True,Entrada,9eee8071-3181-471d-a6a5-5a808cca9980
0127c3cd-b078-4b86-86a4-909f687b82b2,Modi,Aliquam inventore minima praesentium facilis necessitatibus.,"pariatur, a, aut, beatae, itaque",194.06,False,Bebida,8b5cc1c3-d3bd-4379-9cbf-55e566f44685
3dd30585-4c88-427d-b31c-da55ee4b064b,Voluptates,Expedita voluptas tenetur reiciendis.,"officiis, inventore",251.58,True,Entrada,0cf562ba-f398-4bb6-929c-857684940bef
7b11b246-8f5c-4d88-91fd-e0c1c516eaea,Illo,Laborum quisquam necessitatibus veritatis praesentium aliquid repellat.,"doloremque, odit",131.47,True,Plato fuerte,854db234-1f65-475a-bd90-785242cf60ff
5d3cd82a-2a16-49d0-a8b3-81d0a97faf5e,Optio,Consequuntur beatae facere culpa blanditiis vel sint.,"magni, delectus",104.3,False,Plato fuerte,4a00321e-a5fa-491c-b7ad-04ec45baeda3
c9e5f550-de21-4ed8-be07-e51d771538ff,Perferendis,Soluta facilis sit eum incidunt.,"sit, dolorem, consequuntur, optio",116.1,False,Bebida,ff6b97f0-54a8-46c7-9cf0-7e3c8c1457db
2ea4bfc2-ca73-4dc1-942f-3597a66f7978,Cupiditate,Molestiae nostrum consequatur consequatur fugiat.,"exercitationem, quasi, odit, dicta",56.37,True,Plato fuerte,c04f7129-a8f4-440d-aa94-0aa304878ea4
c936e7bd-1431-437d-9cf0-f3e2135cd05b,Culpa,Nostrum tenetur provident possimus aspernatur.,"exercitationem, cupiditate, deserunt, facilis",66.42,False,Entrada,59a2f4ad-d1ef-4b62-b450-2cd7ace4d428
52911880-60a5-4a9e-a6aa-bb03fb762d42,Ipsam,Ipsa debitis itaque impedit quae.,"deserunt, laboriosam, velit, hic",220.3,True,Entrada,f83e29db-97ff-4499-8a30-55118cb97139
8e9fc72d-851a-4078-99d5-84d2cc02eda6,Aliquid,Ducimus corrupti adipisci amet.,"a, sit",181.29,True,Plato fuerte,75651d88-bb4a-420a-8e6a-310d41c6907c
63784270-5c12-43f6-bf6f-5ae9e2662d29,Repellat,Placeat qui omnis necessitatibus pariatur natus.,"eligendi, vel, accusamus, expedita",227.19,True,Postre,4080a4cd-67a8-4bd3-b46e-6f7351c10029
75869496-efbd-4605-947b-40d36986174d,Velit,Neque corrupti eligendi voluptates.,"tempora, omnis, quia, et",125.34,False,Postre,c4028316-b6a2-426a-9984-77968bb10f25
e1a24b30-3042-46e2-b432-0151cebd5979,Ipsa,Ex inventore quod.,"asperiores, laudantium",93.57,True,Bebida,56de922c-a1bb-4246-98a7-b15ba656c0a3
b0b211b0-0a4d-41a5-97bf-3d05c61ad242,Corrupti,Consequatur unde dolor.,"tenetur, consequatur, vitae",153.11,True,Postre,9eee8071-3181-471d-a6a5-5a808cca9980
f52dde03-804f-4132-95cc-fbaad3bee338,Incidunt,Unde autem fugit nostrum.,"sed, provident, quo, reiciendis",218.21,False,Postre,26f1c534-aee4-4776-95c5-91368050a207
12b3f81e-c279-4ae1-8578-64def3afe323,Distinctio,Saepe culpa repellat harum maxime optio fugiat.,"reiciendis, perferendis, recusandae, asperiores",184.84,False,Bebida,8b5cc1c3-d3bd-4379-9cbf-55e566f44685
efd9fc6f-3138-43a4-b9cb-ca93006b1db2,Sint,Eaque consequatur sunt numquam nesciunt qui.,"perspiciatis, doloribus",180.21,True,Plato fuerte,347efec1-5946-47c8-b52e-d9ae8db478d2
18477812-21a4-4e20-93f7-69ed76f278e3,Reiciendis,Magni eius voluptas reiciendis.,"cum, nostrum",125.6,False,Plato fuerte,9eee8071-3181-471d-a6a5-5a808cca9980
9f76e9bb-2ddf-4e88-bd58-5c7ad839a283,Corporis,Iure tempore unde.,"itaque, delectus, tempore, ipsam, eveniet",185.43,True,Postre,bf6b7ff2-4dbd-4b83-8ede-7f23a93d8801
af6f745a-cf37-4cd7-b25c-79cb6c5c72ca,Iure,Excepturi perferendis ab perspiciatis.,"nulla, optio, exercitationem, nihil, deleniti",229.95,False,Postre,7c2b48e5-32c2-47c6-9c53-17fc38ef7512
afcb265b-2484-408f-9476-c547a8b52c7d,Culpa,Molestias et atque.,"commodi, sunt, sapiente, ipsam, provident",224.76,True,Plato fuerte,d9518fbd-6ac6-412b-a599-b54fb620afa3
c8f1b96b-2598-4a8a-b118-8bcc1d3b08c1,Voluptatum,Tempora error laborum perferendis corrupti magnam magni.,"sapiente, quibusdam, excepturi",294.78,False,Entrada,c04f7129-a8f4-440d-aa94-0aa304878ea4
46e4201c-8b6a-4e23-91b4-d20a8308b1e3,Hic,Nostrum soluta repudiandae accusamus veniam at incidunt.,"vel, debitis, ipsam",114.54,True,Plato fuerte,7563a09d-7d83-4a0e-afe5-04d27e3bc749
2153ac47-a646-4498-81ab-f294ac465f6c,Harum,Ducimus veritatis doloribus amet expedita magni.,"modi, minima",154.99,False,Bebida,d9518fbd-6ac6-412b-a599-b54fb620afa3
6ac48f9f-c724-45bd-86ca-f0eba1184245,Facere,Est suscipit voluptatum sint placeat quidem numquam.,"sed, modi",195.25,True,Bebida,347efec1-5946-47c8-b52e-d9ae8db478d2
84609107-032e-42a0-9a03-b644275449ab,Culpa,Expedita ex reiciendis aspernatur quidem.,"rem, doloremque, dolore, quaerat, a",59.63,False,Plato fuerte,59a2f4ad-d1ef-4b62-b450-2cd7ace4d428
ea5500d7-f606-4f52-b6f9-6b254940b811,Natus,Cupiditate aliquid quae veniam.,"inventore, voluptates, iusto, aliquam, alias",158.07,False,Bebida,854db234-1f65-475a-bd90-785242cf60ff
42eb4ddc-1ce3-4d76-8848-5311252473d0,Recusandae,Laudantium sunt illum asperiores temporibus accusantium.,"provident, veniam, cumque, eius",103.95,True,Postre,0960ad33-b10b-421f-b49a-f7529289e006
04fce727-022f-48e4-be26-c0b721e9018a,Eaque,Ab accusamus odit temporibus nobis iste vitae repellendus.,"dicta, quam, ipsa, beatae",289.26,True,Plato fuerte,507c2891-d7d8-4df7-b799-53c894a19f4a
360f0cd7-49c4-4b1a-87ea-49f6027ccfed,Sunt,Unde placeat cumque cupiditate dignissimos ipsum.,"beatae, vitae, blanditiis, quos, quibusdam",200.11,True,Bebida,59a2f4ad-d1ef-4b62-b450-2cd7ace4d428
40654944-069a-4dad-b4e8-760df1267677,Eos,Doloremque tenetur alias numquam quam exercitationem quis.,"autem, pariatur, vel, nemo",255.9,False,Plato fuerte,d9518fbd-6ac6-412b-a599-b54fb620afa3
5933f3ac-bac8-4e89-88d5-deb249045889,Temporibus,Totam atque illum id earum illo fugiat.,"ad, neque, id, id",264.4,False,Plato fuerte,56de922c-a1bb-4246-98a7-b15ba656c0a3
1a870a2c-56ac-43ab-899b-5e0538adfeb8,Earum,Eius aliquam doloremque incidunt debitis alias at voluptatibus.,"dignissimos, fugiat",102.31,False,Plato fuerte,7563a09d-7d83-4a0e-afe5-04d27e3bc749
d7155136-2cc6-4819-819f-79831533c878,Iusto,Natus libero magni.,"distinctio, ex, odit",276.77,False,Entrada,347efec1-5946-47c8-b52e-d9ae8db478d2
1779d6c3-f17c-4969-ac07-722c3d6520c2,Animi,Repellat reiciendis laborum fugit.,"eius, aliquid, qui, quibusdam, aliquid",112.92,False,Bebida,fa2ed7f7-001e-41ab-a250-ff8926c2c26c
ece300b0-09f4-4c20-a444-1ccf08788a8f,Sapiente,Laboriosam mollitia dolores ullam assumenda nostrum.,"nobis, error, quidem, animi, odio",118.73,True,Plato fuerte,7c2b48e5-32c2-47c6-9c53-17fc38ef7512
3ebb4209-938b-473a-baa6-f5496e2adc13,Quisquam,Impedit soluta perferendis molestias delectus.,"qui, cupiditate, deleniti, doloremque, voluptate",209.9,True,Plato fuerte,3e8afa40-cc93-4fb0-b129-b224ff23627f
7ddad7de-f7c3-4b11-a24f-db99365573a5,Quam,Nihil culpa non maxime.,"nulla, modi, pariatur, accusantium, ex",265.91,False,Plato fuerte,4a00321e-a5fa-491c-b7ad-04ec45baeda3
f70e061c-776e-4630-8b1f-207fc8282539,Consequuntur,Enim reiciendis magni corporis est.,"in, ipsa, minima, quae, ad",108.85,False,Bebida,fcf3885c-fe1f-408a-b3d0-b7f74fb368f4
dacbf434-55ec-4a5a-8859-f9fad2565fbd,Nobis,Voluptatibus quidem necessitatibus dicta soluta ullam.,"maxime, incidunt",282.84,False,Plato fuerte,166e45e7-0158-41cc-a09c-1cae75cdc751
dcb7b4e1-9ac8-4dc7-9620-8c210acbfd76,Tempore,Officiis hic ad culpa enim dolor.,"quaerat, suscipit, iure, possimus, enim",259.15,False,Bebida,017e1cd1-5bbe-428a-a468-214a2d2f1fe0
fd204e62-f285-4afe-a135-c445ecbe38fe,Commodi,Quos hic in maiores quas dolores cupiditate.,"sed, eos, quo, in, nisi",171.81,False,Postre,3aaadacc-7046-49c6-ba9b-b0fa7f32365a
c0a9395f-9cd2-477e-ad05-499ff29f7f04,Sed,Nisi maxime a reprehenderit ut aliquam a.,"dolorum, praesentium, qui, in",212.0,False,Postre,fcf3885c-fe1f-408a-b3d0-b7f74fb368f4
e85a28f9-2f00-4e28-8668-8fed55d9e2fc,Tempora,Pariatur quis itaque necessitatibus quas eligendi ad.,"iste, sunt, ducimus, delectus, quia",78.62,True,Bebida,854db234-1f65-475a-bd90-785242cf60ff
7d4f94e7-71b1-4604-997b-600e6dc4b597,Quaerat,Ratione aspernatur aspernatur sapiente vero mollitia accusamus.,"dolores, eum, natus",123.59,False,Postre,5ed93c2c-3839-4344-bd8c-6f5eda7a1d9d
3a6a0c01-3fc0-46a8-bcef-ca57a4e419cf,Numquam,Voluptatum ullam rerum ab dolores.,"magni, consequuntur, dolore, iure",226.99,True,Entrada,3e8afa40-cc93-4fb0-b129-b224ff23627f
803bdac9-141c-46c9-a31d-152e0da46852,Mollitia,Vitae vel tempora debitis.,"natus, officia",198.2,True,Bebida,eab3afd1-a29a-4208-af86-8517249ebefb
d632b54a-e7d2-4480-9421-506a1008175d,Deleniti,Dicta doloremque magni corporis dicta quibusdam beatae aspernatur.,"officiis, ipsa",290.91,True,Postre,0b2daedf-c3a1-4e1a-8ab4-e4f0c11555fa
3e30f19d-b317-4f6f-812c-511c21f98d44,Omnis,Aliquid deleniti odit culpa dolorem rem sint.,"doloribus, soluta, veniam, repellat",196.4,False,Entrada,4a00321e-a5fa-491c-b7ad-04ec45baeda3
7803bc17-58a6-49fd-9358-97bdb36e629e,Accusamus,Minima non aut.,"aliquid, omnis, quod, pariatur, ex",177.58,False,Postre,3e8afa40-cc93-4fb0-b129-b224ff23627f
9edb53a1-aa4a-4b54-a660-cb66deb0138f,Excepturi,Explicabo optio ea ipsum.,"ipsa, voluptatibus, qui",133.51,False,Bebida,c04f7129-a8f4-440d-aa94-0aa304878ea4
a229b7e7-42ae-4c38-9c57-c159578d10fb,Optio,Officia ipsam nihil quisquam.,"nemo, numquam",99.94,True,Entrada,9eee8071-3181-471d-a6a5-5a808cca9980
ee9916f4-cba1-4cf3-82da-e4d342f255fc,Animi,Aperiam possimus modi quod non temporibus nesciunt.,"iusto, facere, velit, similique",297.97,True,Bebida,0cf562ba-f398-4bb6-929c-857684940bef
313a38c7-e4b9-46b6-a7ed-92ff1508dc53,Nobis,Consequatur recusandae ipsam accusantium molestiae.,"nulla, blanditiis, dolores",130.61,False,Entrada,017e1cd1-5bbe-428a-a468-214a2d2f1fe0
8bdcee7c-4d0d-4a4d-9bc4-70262793b055,Ut,Dolorem sed iure reprehenderit impedit commodi.,"animi, quas, officiis",247.2,True,Bebida,0cf562ba-f398-4bb6-929c-857684940bef
c9fabbea-ff6b-452c-8a98-0d85487078aa,Eligendi,Maxime voluptatum velit veniam unde rerum.,"doloribus, at, eaque",61.96,False,Plato fuerte,8b5cc1c3-d3bd-4379-9cbf-55e566f44685
2ebbc98e-2627-4ef0-9ef5-282b2f0fbe3b,Quasi,Voluptatibus quae quam vero dolor.,"voluptas, amet",213.7,True,Plato fuerte,82f0f0ab-f50f-490e-9ae1-2619f93b3ecf
10943b56-8399-4743-933e-3bcc22b131fa,Laboriosam,Amet delectus amet.,"enim, a, enim, dolore, magnam",176.36,True,Bebida,4080a4cd-67a8-4bd3-b46e-6f7351c10029
f62a3b58-1d0f-47e6-97da-4c9872ba0291,Assumenda,Modi cum adipisci necessitatibus nemo.,"eum, recusandae, praesentium, eius",209.69,False,Postre,166e45e7-0158-41cc-a09c-1cae75cdc751
6e3e4e58-b4cd-4e75-ad18-31cc77d253a1,Temporibus,Ipsa veritatis nihil hic a rerum.,"sit, minus, expedita, sit",258.04,False,Entrada,8b5cc1c3-d3bd-4379-9cbf-55e566f44685
953c9611-d9af-4c14-87d1-f8a705b65c42,Nisi,Molestiae iusto veritatis facilis.,"harum, autem, quisquam, consectetur",128.83,True,Entrada,0960ad33-b10b-421f-b49a-f7529289e006
1ac2fd0c-0768-40f3-a395-34b9872012cb,Eum,Assumenda ducimus quaerat adipisci atque ex vero.,"asperiores, officiis, laborum, error",89.19,True,Postre,507c2891-d7d8-4df7-b799-53c894a19f4a
de697b25-5d2b-4270-b21a-ff76d163b0b5,Rerum,Ea cum dolores possimus amet vero.,"alias, repellendus, ipsa, fuga, sit",273.75,False,Entrada,82f0f0ab-f50f-490e-9ae1-2619f93b3ecf
e06244e7-186c-40bb-8795-04ad8d67d990,Voluptate,Quae molestias dolore ullam laborum quo ut.,"nesciunt, corrupti",203.72,False,Postre,3aaadacc-7046-49c6-ba9b-b0fa7f32365a
52af1f8f-430e-4788-ba2f-9fcf089f3508,Pariatur,Molestias mollitia illum soluta tempora culpa aliquid.,"id, voluptatibus, facilis, eum, aspernatur",103.2,True,Bebida,de7234fe-8869-44d6-a05f-ac03f827f1da
096ec49a-ffd7-437e-9278-095a6f02d4af,Dolorum,Corrupti at animi dicta.,"perferendis, at, sit",209.44,False,Plato fuerte,8ccb58a1-4523-41db-92b2-4c5cc348a28c
599fb993-9e7c-4106-b651-dfb13585467e,Alias,Est tempore quia quibusdam.,"quam, dolor, voluptatibus, nihil",165.68,True,Plato fuerte,ff6b97f0-54a8-46c7-9cf0-7e3c8c1457db
0e194f1a-b7da-48a2-abbc-a421c42541e2,Harum,Minus accusamus adipisci ab explicabo atque.,"vel, iusto, quae, incidunt",178.36,False,Plato fuerte,cd8f5802-9185-45fb-8d41-e140e37333c1
814ba6e9-5c03-4c59-b272-ae091ff53f0d,Tempora,Consequuntur fugit quod quisquam repellendus reprehenderit assumenda.,"voluptates, illo, dolorem",133.21,True,Postre,090f2be3-cae0-4be5-89d7-d90367f69496
3e6897a8-2f4d-45ac-82fe-af74e6d216a3,Ratione,Natus sed unde voluptatem molestias in voluptatum.,"hic, nesciunt, quae",186.73,True,Entrada,017e1cd1-5bbe-428a-a468-214a2d2f1fe0
28b19498-20bf-4e1b-820e-ee62a6d8af05,Ad,Officia voluptates officiis aperiam rem dolorem dolorem.,"ullam, sapiente",89.16,True,Bebida,876ad4fc-44cf-4655-b2ac-3464e13bde59
1da53508-75e6-4d33-874e-0b72752417c6,Fugit,Culpa quidem ut.,"quas, error",289.46,False,Postre,017e1cd1-5bbe-428a-a468-214a2d2f1fe0
06598a55-57fd-4ed1-aece-7a1006c27b7c,Maxime,Eveniet impedit nisi quasi ad saepe laborum.,"esse, a, odit, fugiat, sequi",118.49,True,Postre,09444248-5633-4b28-a7ec-a17aa802d1ac
af097236-3d8b-4dea-9a3f-b8a130bc09ea,Quo,Exercitationem quas nemo cupiditate quam fuga.,"excepturi, blanditiis, ipsam, facere, facere",213.57,True,Bebida,f83e29db-97ff-4499-8a30-55118cb97139
65665f06-829b-4e29-a7dc-8fbd1b2fce6b,Quos,Quidem doloremque tempore illum ad provident.,"voluptatum, enim",171.62,True,Plato fuerte,7bb917dc-272b-4d84-85c6-96b3a52f7ced
31a4adeb-dd27-41d0-aa66-92c3e66d0d70,Vel,Ratione doloribus nemo libero dolorem culpa.,"esse, ad, facere, cum, iste",146.56,False,Plato fuerte,7563a09d-7d83-4a0e-afe5-04d27e3bc749
