temp_id,reviewed_id,type,usuario_id,comentario,calificacion,fecha
a688665d-b40b-44b1-9bf4-9375293d6d43,dcf2d9a5-7f22-44bf-8228-97f57d38429f,restaurante,aa739a2b-1f45-4be6-a399-f7036ae29a66,Quo similique praesentium architecto natus natus.,1,2025-02-24 08:15:00
cb7df264-14f7-465b-9dd8-73a945195950,82d7c8de-31c5-45e8-bbdf-a4ba0ed0cda7,orden,48be63c7-8b79-4a6a-81ce-2f07fba9f4d6,Reprehenderit ad velit odio.,1,2025-02-11 12:30:00
4f4b34e9-f792-47ce-aaf1-3598562733e8,b3d3d5e6-8170-4366-95bc-6b08460e0985,restaurante,6f2f9846-44d4-4b73-85b3-76fe8ac5bc54,Exercitationem modi ad id.,1,2024-05-05 15:00:00
0e418840-20a5-4019-aa98-b20c3cbb7678,67747616-0aea-4292-8edc-334f61cca217,restaurante,f5a65958-d2a2-4da3-9551-125940bbdfa5,Mollitia nobis nemo tenetur enim labore optio.,2,2024-06-08 13:45:00
c2a5b297-6430-4157-95ac-a2cce9021e35,21e411f7-8085-4e90-8dae-49ff76430b9a,orden,5b989420-22dd-404e-8c57-452901df5a52,Magni soluta eos expedita veniam dolorem.,3,2025-02-27 21:45:00
2b31368c-d822-450f-b9e3-357f42032bd0,98f95958-438b-43da-96fd-65778c5c8c85,orden,8abb56d4-7d7a-41f3-8e91-62875b05b3de,Excepturi sed unde omnis dignissimos assumenda.,1,2024-08-23 03:00:00
5279d3d8-234f-48a6-b664-96b8f12ae276,290916d6-d527-40cf-9570-fbc1d7728931,orden,7ab72446-8b96-400b-9d9c-246bb56e751d,Accusantium ad sint quae voluptates nulla.,2,2024-05-22 19:30:00
11ab3a5e-b12f-42e8-90ca-ae56d133842c,c5d71192-0a62-4175-aff5-3a1b7266039c,restaurante,4f36529c-2f0f-4c43-8e4f-8a46db63d4e4,Eaque asperiores itaque dicta.,3,2024-11-16 21:45:00
dfe1cbec-de99-4851-8d0c-c60177efcbf3,ba7f9f7f-e2e1-42ac-9906-64ce7193ba5c,orden,cc0dd6de-4a1d-4dd4-a6e8-6f2bbc33cc39,Adipisci iure perferendis quo eum optio veritatis.,3,2025-01-20 18:45:00
43cdc736-d553-4bf5-83f4-05d9f92ab295,a4e9ca10-0513-4ba4-bbdd-ea7ccba2f046,orden,928820ff-8093-40d2-9a46-80bb396fccc5,Earum et sint.,2,2024-07-11 22:00:00
d2735a17-1a85-4405-846e-194df80efb40,611c4382-8d48-437c-a6ac-e498c0af769f,restaurante,5fe7327d-c68a-4a01-9b11-9467b2019976,A odit itaque et.,2,2024-10-02 19:45:00
25eab13c-314a-44ef-aaf1-5f44d0ba75ba,8bd0a4f0-d1ab-4bf5-986a-d3b69fff9642,orden,ab1c0e23-5e18-4944-a479-2232d7f6b513,Nostrum porro beatae illo.,5,2024-07-01 11:45:00
31ed80b9-441f-4518-b4cd-3b7797a07290,a3a258be-d186-450c-9916-c2cd9a00baab,orden,62d356ea-c932-456f-bebf-18f6e44f12f4,Distinctio ea eveniet similique sapiente rem.,2,2024-11-02 04:30:00
2916dcaa-130e-47e0-a4eb-a0ec28cdc7fb,8bd0a4f0-d1ab-4bf5-986a-d3b69fff9642,orden,19e81217-bf63-4a3e-909f-6596bb3be5cd,At ipsum quia quaerat quo placeat.,4,2024-12-15 23:45:00
4a0967f8-3d5d-4839-a1fe-e78ffeb2ec81,dcf2d9a5-7f22-44bf-8228-97f57d38429f,restaurante,61492150-e8ad-450e-b64f-c3a820f4fd83,Iste culpa necessitatibus odio deserunt.,4,2024-08-18 20:00:00
33446787-8ffb-49df-a801-705dd2905623,00467886-43c6-4cf5-bfac-69c237e40f72,orden,b9ad3c66-65b6-4af9-a6fd-8f4a720aa3dc,Repellat modi inventore voluptates.,4,2025-02-22 00:30:00
c989aa49-ea3d-40ce-a4a9-1d816701fd14,930bfe0d-32dd-4271-8d34-02740bc4b622,orden,8d43c819-14d3-4f40-805c-28dcbdee6eb3,Perferendis laudantium beatae eaque vel officia quod.,1,2024-09-16 03:15:00
dbd868ed-8b3a-4979-89c9-e424d88ff17c,e0500b40-c45a-4532-9c59-910b0f3d09c2,restaurante,684740d5-6961-4238-9681-d6a73eff026b,Eius ullam rerum fugiat tenetur dolorum.,5,2024-09-08 05:15:00
24e6313f-4e16-4121-98db-39b5dfaba86f,37eea789-2ea0-42e5-be9c-7afc80d5b1ad,orden,81f57c73-802c-4a4b-a5db-e477ebc2eb17,Suscipit quaerat delectus aspernatur.,3,2024-05-02 08:00:00
a1cdadb1-f6c8-431c-970e-2985b0af0a47,3c42b6d3-337f-422e-8d2d-53cc6167a8f1,orden,a78b9fbe-15d0-4ca2-bf7b-03e4e05e11d9,Sint voluptas sapiente quisquam placeat in amet.,3,2024-09-18 19:30:00
220de255-c480-44e3-aca7-175e08eb090d,fc28543b-6fae-4e80-8578-5b49e64d9919,orden,ac1f2235-9e93-4c37-ad08-0bc26035250c,Explicabo cum corporis molestias fugit.,3,2025-01-19 00:45:00
ffb37896-cf81-4cf2-a0ff-e488f3ed0554,3328fb1f-5340-4284-bc0d-55c3271dfa32,orden,5188e214-a309-4095-89e2-c204b8d122c8,Architecto aspernatur esse provident a.,3,2024-08-20 20:15:00
b368dec8-9147-49db-8f70-a981c4a4ee49,99755ee9-2c8b-4395-803d-22fcd16e93a0,orden,2eed1506-4598-4ffa-878e-1c61eec67287,In provident hic quos inventore.,5,2025-01-19 00:45:00
07cb7443-3657-4b46-bc53-dc1c7e1ebb06,10c514b2-b58a-4131-938f-1d1c90d7f9f8,restaurante,a7228e96-7f69-42e9-b8f1-287be8cba36b,Ab maiores provident qui.,2,2024-06-06 21:45:00
c78809ea-5048-4f8b-9699-7a9ff33e28bb,22609ad1-0ced-4e16-b63a-84e53b96a326,orden,817921fe-fb20-4a3b-b9db-4da3e43927a7,Nihil ab eveniet ad earum.,1,2024-12-26 21:15:00
91555e00-a270-4fb8-8a18-36e6e76cff2d,fd315413-4757-4f56-8c92-c321de95bf3e,restaurante,2f823b50-b554-4e50-8181-443d1d5dc489,Quasi dolore assumenda id labore.,5,2025-03-04 19:30:00
2a13a38e-55b7-4dec-8409-f0a0e5c3ef2e,b021924b-39c1-4757-bd24-c00a03a38659,restaurante,747667e3-794c-4e79-92d7-ec99bcb6085d,Reiciendis cum itaque labore vitae error pariatur blanditiis.,3,2025-03-25 16:00:00
9beb6558-e4c0-430b-bd6b-eeb592a95ce2,5074bb6e-cbf1-4e9c-9b2d-92243cdaa263,restaurante,15836147-0f2f-4652-bdda-f4c099229f39,Deleniti maiores sapiente ratione eos.,2,2024-09-11 23:45:00
b18a3b24-ecf8-4c11-b01d-fede86e9e8c3,79eaebd7-50c5-4fb1-9107-b6fe5d180a6b,restaurante,343169f8-0b06-4867-bcd7-1e1f8bca7349,Reiciendis laborum non et quasi.,4,2024-12-28 22:30:00
f6e9bd74-1fc6-4c7f-a022-6c525b81e9b4,69ffb74d-ac9c-469f-bddb-28e2af6fafd3,orden,6a3a87b2-32e9-4f7e-af61-7ec0eabe4cb6,Fugiat iste molestias amet voluptates fuga.,1,2025-03-08 19:45:00
e444b62b-1581-466f-99b8-4150843fbb63,9e1a5a3d-f513-43ff-bfbd-56682dbf3e25,orden,504dc355-6cdd-4351-9221-564a5c936f1e,Consequuntur praesentium repellendus quidem atque recusandae itaque.,2,2025-02-18 17:00:00
043a0c29-6348-483b-bbcd-dcfa4c027221,3d9ad0cd-faf9-44f1-a5d9-d8d9d3a50349,orden,fdec38f6-36d9-46b2-900d-170d200fea00,Cum ipsum aut exercitationem asperiores nobis suscipit odit.,4,2025-02-27 23:00:00
04d23e42-ab48-4118-8642-352ade5e1a6c,34820196-fe28-4f39-a473-50998960d2f3,orden,a746be9d-6cc9-4078-b65d-e267b0842bbb,Quo vero cum nostrum ad dolorum.,4,2024-10-20 16:00:00
34694abb-6c58-4878-b5b5-0db144f1f4ad,5e339206-f9be-4117-bd18-4d80a25a1b23,restaurante,714dc092-2922-4d28-9c60-53057088d51b,Corporis officia ad sapiente.,3,2024-09-19 19:15:00
bd87472d-e598-4fc3-9610-92ab2296598c,4d51e05f-8837-47d9-a445-ed5ad7725e0a,orden,7a2db564-01f3-417c-b3e0-3fee29a726bb,Vero quisquam voluptates fugit.,5,2025-04-08 20:00:00
dcdba6d9-2ac1-405e-a82e-efbd1dea65bf,cb5dc9fc-bbe1-4cb9-bfe8-74c0cf54acc0,orden,eedc5521-8209-48c8-8dca-d2745c7258d8,Amet quam ex dignissimos sapiente.,4,2024-05-18 10:00:00
b2c33b0d-cb14-4504-8cb9-c06241e65784,e810c581-0621-4d7e-a4f0-80095220ece3,orden,45c35f1b-d955-4299-91ec-a382d4e91b50,Laboriosam aut maxime et officia pariatur.,1,2025-03-07 23:15:00
a395e8f2-746c-4b07-bf85-0f9017b06f75,dcf2d9a5-7f22-44bf-8228-97f57d38429f,restaurante,8c197d8d-b6c7-4d96-b816-8173ac6e0753,Laborum mollitia doloremque.,3,2024-10-29 14:00:00
d2f9f7fc-531a-4973-8afe-533168619b50,2ff3dd4d-0fdd-48d5-9dc8-9c862f66d337,orden,1b33a13c-8589-4a2b-93b9-8be18373e31e,Ipsam optio blanditiis maiores consequuntur.,2,2025-03-29 14:00:00
59ef5c63-6b91-4bd1-b1a2-4587daa3a0bd,818bc7c4-4798-4b37-b922-4938426b7c9a,orden,497578fa-f6b3-44b3-b9d3-4dd7e557e9a8,Perspiciatis adipisci quis debitis itaque suscipit officiis.,4,2025-01-12 03:15:00
ba6d2833-5e9c-4bce-9526-a95799e33ae9,d7ecca77-12cf-49af-9178-bfb73002016e,restaurante,18590fb6-9141-4b9a-b317-bb36e3ee6966,Nisi natus rerum aliquam earum.,5,2024-12-15 15:00:00
4c0eed34-7e9e-494d-90cf-957ae53d446f,2e12b122-6b3f-4384-adb5-2bfc91ef5136,orden,87beab76-4584-409f-8afc-9c55f8559614,Nam soluta accusamus aspernatur iure ducimus praesentium soluta.,2,2024-12-25 15:45:00
d124f587-59ee-412d-937b-765cbef8723d,611c4382-8d48-437c-a6ac-e498c0af769f,restaurante,eedde5bd-db51-4af5-8f68-356d237fa9d8,Tenetur voluptatum ab nisi unde quidem.,1,2025-04-03 12:30:00
cda19a4f-c3c6-4706-ac84-151e1f021831,a674852a-a421-448d-bfb5-4b33c51cef37,restaurante,0a30964a-4bcc-47ca-82d3-11bdf1416515,Cum deserunt quidem vitae doloribus.,1,2024-05-24 14:15:00
a3e0ef19-ea15-429a-bb11-35528b18fe9d,15962fe0-b996-40ac-b21b-e22cf259d441,restaurante,723b0f42-181d-4308-96f9-277442052da0,Consequuntur explicabo quibusdam eius corrupti fugit.,4,2024-05-06 13:45:00
bd67db8c-1cf6-479d-9271-8a1be5490176,295d8818-fe5a-40d6-b108-f123e715b74f,restaurante,37cd8d99-92bd-4094-9ff3-ecd06f365e9b,Beatae repudiandae reprehenderit quaerat praesentium.,4,2024-10-25 14:45:00
313997b2-f6fd-49da-8493-f45271c46819,11f3963d-0a9b-40aa-8134-f3414a4b1890,restaurante,522b1239-9ec5-43e5-a562-330c064247bc,Voluptatibus distinctio minus illo omnis.,2,2025-01-25 00:45:00
55bcad46-cd4f-4155-a4ab-e63090d98696,d2acbb6b-b7c1-47e1-b882-09e699160329,orden,3b753c72-832d-4a31-bbe5-49cc3359e856,Perferendis delectus repudiandae nemo aliquid dolore.,3,2025-04-22 08:45:00
989d6aba-e119-4616-8928-04e105e5beb0,b5bf4a77-f5ed-47fb-a20f-6ff52ad3462b,restaurante,db596a91-473a-46a9-86d2-f92a94d3f232,Deserunt adipisci asperiores fugiat enim.,2,2025-04-06 21:00:00
e3707bc7-1fcf-40a7-bea1-502f6680cbe4,2d616741-9cca-4efa-9169-10f057f0c505,restaurante,d744961c-dfed-4f4a-a24b-e1ce396266dd,Harum mollitia itaque inventore.,2,2024-05-13 18:15:00
ae67ee5a-e051-4a54-a31f-d9c9e7ded788,57ed0621-15dd-4278-9ec3-56762dccf98c,orden,37072079-b8b7-4fdc-a6ce-48a186be3d5c,Aperiam molestiae officiis harum nemo accusamus excepturi.,5,2025-02-26 19:15:00
14ff441b-39af-442f-a9ec-61573c14e5a7,28896222-253a-4fcf-be66-91d10e115421,orden,ffb62868-eba2-4276-ac39-5e0582974d26,Eum quaerat voluptatibus modi.,2,2024-05-10 06:45:00
e27f4757-e711-4778-a679-0975c00a1d6d,569e31d1-f70e-47c6-90ac-97e1d9fe91ae,orden,e6647397-fb06-407f-af50-cf936196561e,Quos reprehenderit eius.,2,2024-09-10 10:45:00
848cf415-1d77-4f5c-b550-08db951c4785,3f34acc4-9bee-4a3f-838c-2c68ccbbd23b,orden,365872ce-ccf1-4ead-b5d1-29cdd4b27d61,Quam quaerat accusantium minus repellat alias accusamus.,3,2025-04-08 18:30:00
931a886c-5c25-4449-b53b-20589dea0a6a,2a5f067a-9360-47e9-8167-0fba51547b3e,orden,28af4415-82b6-4f05-ae9d-4394cbeaa631,Odio vero sint excepturi unde.,2,2024-11-14 11:00:00
8ffad259-7284-4760-ae83-38d41ddd8142,fa9892fa-f13c-4cd3-8dec-ec745cb2eac5,restaurante,dc80c35e-025b-42e6-9784-fb2e7d3a48ff,Possimus officia doloremque facere vel perspiciatis.,3,2025-02-09 05:15:00
8f579e7a-0357-44d7-a786-44ad87f58f95,e104b148-6483-449f-812d-b5974acde608,orden,f78aa2da-b067-4190-b81a-d0b1a0f4fd46,Ea asperiores quo mollitia vel numquam consequuntur.,3,2025-04-02 19:00:00
77c572e4-5f89-498c-aa92-05dd4abaa611,636c52cd-523d-427d-841e-bb71f8c8c3a4,orden,8c2ece27-4dcc-4c0b-ba47-6623ac7f5c5c,Id excepturi dolor ab.,3,2024-11-15 12:00:00
3b5a591a-fbb5-48b5-beec-6f594a9afde4,0072a4b0-fa05-47c1-9875-c958d65fc0d5,orden,dfc006f5-1dd8-4ee5-acc7-d98398c3138f,Sequi iusto perferendis veritatis.,5,2024-07-18 02:30:00
5a868935-ea31-4178-9ab5-e7925cbe6880,79eaebd7-50c5-4fb1-9107-b6fe5d180a6b,restaurante,2f823b50-b554-4e50-8181-443d1d5dc489,Ut hic deserunt corporis consequatur rerum.,4,2025-04-15 07:00:00
a6f0f179-f44b-4363-8019-73a2e317b86a,3328fb1f-5340-4284-bc0d-55c3271dfa32,orden,dca1c617-acd6-4aa9-acfb-6c4f7ba87800,Velit tempora repellat temporibus ipsam rerum tenetur error.,2,2024-05-10 11:00:00
e3c1e9f9-6b9e-4be3-8b32-720db087baf5,d1e2c593-83ed-4295-a802-1652515d99be,orden,a746be9d-6cc9-4078-b65d-e267b0842bbb,Deserunt provident ducimus asperiores deserunt ratione repudiandae.,4,2024-12-17 18:00:00
a083d2e7-c575-4604-a0fa-282513a0a1ee,4621a4c8-96d0-4190-8049-f3ae88b0f58e,orden,f72c6b52-fb66-48a4-9fae-f2ffc88d737a,Consectetur fugiat accusamus architecto.,1,2025-03-14 01:45:00
d4c7dbfe-436d-4a73-894a-83a1bbc87849,11f3963d-0a9b-40aa-8134-f3414a4b1890,restaurante,57fac0bc-ef5a-4790-abdb-75e6a9d6b011,Error officiis reiciendis.,5,2024-09-22 18:00:00
945c38aa-6956-4d9a-a83b-3545ef05351d,10c514b2-b58a-4131-938f-1d1c90d7f9f8,restaurante,5ba5b699-a4ea-4a3d-af3f-04498968d161,Corporis temporibus reprehenderit illum.,2,2024-06-22 04:30:00
479c1e28-f6ca-4e5e-b268-8e12930b2a1f,ea7d6ccd-9587-4601-9afa-2f768013be3c,orden,986602fc-e198-466a-b6b1-eaba0458e88d,Veniam fugit aliquid.,4,2024-12-30 19:00:00
7ce15f42-d685-4038-9ed4-21b23b00e99d,5e339206-f9be-4117-bd18-4d80a25a1b23,restaurante,b0e68e40-09d2-44f3-9ae7-d48b4536d635,Est suscipit voluptates sequi.,4,2025-04-09 08:30:00
4757cd0e-9573-4672-80cd-5ce81c5d1f80,67747616-0aea-4292-8edc-334f61cca217,restaurante,2ec7fc37-ec74-4ac9-82cd-e25b9b5e15cc,Laudantium harum nisi a iste porro.,3,2025-02-18 06:45:00
17cb08f5-c1e9-4a93-9018-cca5dcd8a873,b021924b-39c1-4757-bd24-c00a03a38659,restaurante,2c605dc7-edea-49b9-ab73-21e070697323,Nihil amet a atque repudiandae repellendus consequatur.,4,2024-05-05 00:45:00
e0f687bd-3688-4b52-b5ee-1dab874fc621,37e475c4-268e-41d2-a709-c9da9e3240af,restaurante,030d6691-bc09-44fc-958b-afa47ce20859,Maiores quae esse pariatur delectus.,1,2024-08-12 05:30:00
5ad612bc-612b-436a-bb74-e2d49748eb11,7e7da564-9f8e-4506-97ec-d50006ff3d90,restaurante,5891f413-3d5d-42b9-ad74-62a4538816dc,Sint pariatur quae inventore voluptas dolore.,1,2024-07-26 17:15:00
c96a48a5-f887-4cf2-bebc-d3678f89d0c7,611c4382-8d48-437c-a6ac-e498c0af769f,restaurante,d4dabdee-a705-4cf2-ac18-4b63e01aa039,Quidem provident autem labore sit.,4,2024-06-25 00:00:00
0830fe27-cdfa-4193-baae-d6cc3c508a45,3958a64a-3648-4024-9f4a-2105f11ca9ba,restaurante,b5ab7129-4e5a-457b-abea-fba75e363684,Non officia veniam asperiores voluptatibus.,3,2025-03-29 03:00:00
38f5c10d-006d-4872-9a7e-cfac1321b45f,d7ecca77-12cf-49af-9178-bfb73002016e,restaurante,a44730e5-d284-4a09-95a6-15c8e6a39be4,Non accusamus voluptatem necessitatibus voluptate quasi.,2,2024-11-27 11:45:00
278e39ba-77ac-4744-912c-fd288644a24c,a674852a-a421-448d-bfb5-4b33c51cef37,restaurante,5366b222-a299-47cb-a8a2-05c541e7dfe1,Ipsa saepe repellat.,4,2025-02-01 08:00:00
b882200a-64a4-4b56-bfc1-8fd948786c61,b021924b-39c1-4757-bd24-c00a03a38659,restaurante,343169f8-0b06-4867-bcd7-1e1f8bca7349,Praesentium est iusto quaerat sint.,3,2025-01-11 07:45:00
a878fd0b-5a23-43f2-942e-c9061caf5d40,7b00f6b1-6c36-4bfc-900a-e63a4a80437d,restaurante,f0285574-2241-4267-92a5-c29bfe9e7a0d,Eius eius officiis saepe sed accusantium aliquid.,5,2025-02-27 21:45:00
780fcab4-e378-4ed4-b255-131899eeb8fc,2d616741-9cca-4efa-9169-10f057f0c505,restaurante,54288b46-462f-44eb-8a39-39399c8925b7,Ea est rem earum tempore.,3,2025-02-21 05:00:00
b1513ae7-6a1d-41be-8adc-90b4ff0fca4c,05566c7a-5a25-4ab6-ac08-3c75e3bc66d0,orden,64295097-809d-4227-95ed-7745fed34315,Illo in accusamus nihil.,5,2024-06-02 09:45:00
f176b9a7-f7fa-42c8-ba86-ff05bd1bf42c,9a08bff3-1cfb-4b10-933d-980c5623b5af,restaurante,12b16872-5fb3-4546-9091-e4b68895aaae,Corporis veritatis ducimus praesentium quae mollitia eos.,4,2024-09-17 19:45:00
b2f27769-a45a-4c07-b587-bf5f70e1c9ed,e26c5ace-9bc7-4c4a-ae1f-f6970bb85c3d,orden,27ae4599-8349-4216-bff7-30501e61fd98,Incidunt architecto deleniti dolorem temporibus.,4,2024-05-21 01:15:00
38dbebd2-9b63-4af0-8070-8cf4c161808b,e0500b40-c45a-4532-9c59-910b0f3d09c2,restaurante,e8b5103b-2c3b-4ac8-9718-ad9a3fe0457f,Impedit eaque omnis numquam necessitatibus nihil aut.,1,2025-03-25 18:15:00
b50d7de2-fbf5-4dec-abca-8eac6738f0cb,9b2bb396-e37b-4978-84cb-c5fe9672f04b,orden,ea8be471-c49c-420d-afb9-a24724097927,Ipsum ut dolore ex consectetur inventore.,3,2024-09-17 00:45:00
e98654d2-3678-4d9e-bf3e-d932cb819010,b5a90add-f997-4dad-9333-3b893e24c281,restaurante,b0e4ac64-e5bf-493f-8310-8598a01504a9,Voluptatem nisi dignissimos sequi.,5,2024-11-27 03:45:00
e6dfcaa9-4e14-4131-ba27-34db05c00059,2d616741-9cca-4efa-9169-10f057f0c505,restaurante,24479815-4433-40d3-b78e-5dad4f124935,Iure libero quos numquam itaque.,4,2024-12-13 21:45:00
18a4dcd8-9198-4881-b3d3-c6cd516c46fd,3e2db0f3-1e69-4217-a589-434cbc5c7de9,orden,28e2f741-7878-4cc8-bf30-0959b577dcc3,Nisi nulla eveniet consectetur beatae distinctio aliquid.,1,2024-12-04 22:45:00
1cd5e4dc-d5bc-4c7c-9903-f16e8198e2bd,2db485ca-41ea-464f-9098-7e307654cca1,orden,74de3f5e-1668-456f-b661-02945d8f3743,Soluta dolorum a commodi minus.,1,2024-09-08 04:45:00
fea4c80d-18df-4a6a-89f1-8fb7cbd61f69,506c9214-a9b9-4348-89a2-0d3d9051442f,orden,c465d8c1-341c-4d3b-9c2a-d68672629c18,Autem at quia reiciendis quod.,1,2025-03-28 23:15:00
7a64ec71-efaa-4b92-88fe-c855e4f48c31,2db485ca-41ea-464f-9098-7e307654cca1,orden,e023a66c-9fc8-4d0c-ac32-19cdd48ca956,Odio repellat nisi excepturi repellendus officiis quasi.,5,2025-02-21 18:15:00
88a87053-6938-409d-817a-cc6d585bbe8d,3ab39999-93c7-4478-8f6b-a2beaedf2829,orden,030d6691-bc09-44fc-958b-afa47ce20859,Reiciendis a ullam temporibus nostrum asperiores.,3,2024-05-08 10:45:00
b90f7254-dbcc-4961-b17e-d452c9c7f09e,e51418e9-547d-4c03-a185-22fd24f46c93,orden,9f620f5c-246e-45c7-882a-00cdf8fe0d69,Iusto dignissimos laudantium id quidem.,1,2024-10-25 16:00:00
435c0822-f8cc-4767-bd97-a29c573613a7,7e7da564-9f8e-4506-97ec-d50006ff3d90,restaurante,0937f295-8717-400d-9020-778dd1b151b8,Illum exercitationem labore maiores excepturi earum quis nulla.,1,2025-02-03 23:00:00
2570c893-74b5-4ef4-8091-b6f43761d4ef,4621a4c8-96d0-4190-8049-f3ae88b0f58e,orden,698279f2-e565-488d-a23e-ee0104273cde,Aspernatur libero facere incidunt sint odio.,1,2024-10-05 00:45:00
f7214fd4-9219-40a0-b622-184c645f72d0,583d2574-f690-48c8-9a67-fff4a130116d,orden,67f89785-195f-4539-9f1b-9835d86d28dc,Voluptate neque eligendi sed.,3,2024-09-02 15:00:00
f59f2951-6d3e-4053-bfc6-98aa73bf7888,d17bf44f-80ef-4fc1-966b-7d403d3a165d,orden,d7b9d8ba-04fd-4652-98cd-e2e3b4cd54eb,Assumenda nihil minima odio doloribus nisi.,5,2024-11-15 00:45:00
ff87aa08-10f1-429f-90c1-b34031edc22f,fd315413-4757-4f56-8c92-c321de95bf3e,restaurante,bdc3416c-ac0f-4b01-8264-8348ec9a0bd7,Quod esse molestias eaque libero adipisci voluptas quaerat.,1,2024-08-16 03:15:00
acdf1ea8-5a05-49ff-9b37-1ea2dd4b123f,a674852a-a421-448d-bfb5-4b33c51cef37,restaurante,71bfa0c9-6c56-4519-80f2-2442c47ee913,Distinctio nulla quis quo ratione mollitia ipsam.,2,2024-09-20 12:45:00
13b9bcea-0111-4f5d-90cd-70e630d0106a,9e1b0f7c-d376-400b-b3fa-f594dd6c4e9a,restaurante,f548e754-049d-415b-9cf9-187e238c207c,Maiores soluta neque aperiam fugiat dicta.,4,2025-04-09 13:30:00
e08955a0-73ed-45cd-b907-f8c88ab4308f,2b9f50b4-8e67-4b9f-bcd7-ccb2c2917157,orden,c820d47c-576d-4b79-a7ab-03309f47640d,Ab labore quaerat nobis.,4,2025-02-20 01:45:00
5c27e842-f3a0-45a1-8b0a-6a18d19caa26,776f40b0-844f-48c7-b288-7eb65b4b6e29,orden,a4d18911-a5f7-490a-b7ad-76720e0d36f3,Veniam provident dicta facere.,5,2025-03-16 02:15:00
a7b29af1-299d-471c-9324-974a94cd172b,10c514b2-b58a-4131-938f-1d1c90d7f9f8,restaurante,2bd8fcc5-a7ea-47f6-a450-61f8059ba78a,Veniam quas adipisci ab cupiditate eveniet ipsam.,1,2025-04-09 17:15:00
2eeba870-2959-45d4-9e11-81ca56bbbd36,fa29b0cc-dff5-41c7-ade5-e8009bb8fee2,orden,34b7edd5-25e6-4df7-a7c9-dd8831669f03,Quis eligendi fugiat dicta veniam veritatis quibusdam.,3,2024-06-22 14:15:00
42391996-54bb-4147-aec7-e100da27e46a,b01dab35-0546-4d17-8084-5675d717f6bf,orden,a9fd6962-d8bd-4341-ae20-a3b8fe2efc9c,Dolore tempora possimus occaecati expedita doloremque.,3,2024-05-14 14:00:00
84f08640-3304-4703-95d9-85349bfdd823,ccb4d862-7d21-4dd9-b026-c5864c777910,orden,d70fab76-1506-41ac-9ccd-197d4e82a736,Delectus quam officiis at nulla fuga.,3,2024-11-12 16:15:00
a90a393d-cc57-4e76-951f-a2bded159c77,c5d71192-0a62-4175-aff5-3a1b7266039c,restaurante,bb25ad6f-be39-461b-8a29-a6e5e3717037,Quasi vel architecto veniam dolorum.,1,2024-06-01 10:45:00
b3ac9ef3-8ba9-4ede-8339-d31deafed5a9,a674852a-a421-448d-bfb5-4b33c51cef37,restaurante,51f4dde6-5c3b-4601-a152-785736d70145,Aspernatur recusandae repellendus repellat porro deleniti sit tempora.,5,2025-03-22 15:15:00
ba68b516-b3b8-41d6-9e52-2237a2d094e1,f13c97f7-d77d-4db6-9839-df242e8db15d,orden,b0e68e40-09d2-44f3-9ae7-d48b4536d635,Dolores in laborum at iste eos.,5,2024-11-23 04:15:00
d7e64f83-908b-477d-b7a2-dc038d13cc2e,fa63e89d-964f-48b3-960b-8b53aca8a6bb,orden,111476ef-a77c-4908-8ed4-b843b7d898ed,Laudantium ut ea nisi quisquam iure.,4,2024-11-29 02:45:00
324fc96c-7b0a-4557-b90b-98a65886baf2,295d8818-fe5a-40d6-b108-f123e715b74f,restaurante,900de4f1-0639-4efa-aae4-a1342a6299af,Quia optio corporis dicta pariatur quaerat ex.,3,2024-07-04 22:30:00
a6e15726-afa5-4bda-aff4-fa8219788a10,cf824ba9-3921-4ad3-829f-1272f7c20b0e,orden,3069a6f6-40c5-426b-bcd9-11270b180ad0,Repellendus autem possimus saepe culpa alias culpa.,1,2024-06-24 13:00:00
2f603944-9141-43c5-8fc3-052207c1d898,453c587a-094e-43f9-b300-b121149f2e16,restaurante,90fdc21b-98aa-41b1-aba9-83f2f3380963,Vero modi accusantium minus consequuntur iure laboriosam.,3,2024-08-06 01:30:00
c9026418-ec6b-41c9-ac8d-911fceff87f1,c41ec4c5-bf01-440d-b11b-8e991f3d7e97,orden,f3e969e5-6a06-4581-aca8-cef50a256d83,Quasi sapiente accusantium debitis modi velit.,3,2025-04-16 00:15:00
768b4c11-f4ae-4ed6-a214-5790c69f2166,5e31ee67-dac8-4f04-a717-e42fbb7e9f38,orden,b6095f8c-4154-47a1-8771-09b497a1eb8f,Ea inventore est deleniti recusandae vel ducimus.,4,2024-12-25 00:45:00
99816745-832e-4c72-a529-dbb2c3a990b5,aab32494-1042-4330-a37a-52f073a5325b,orden,0d30bf70-2ead-4442-bf27-4140fcd5b6ad,Dignissimos dolores ratione exercitationem debitis.,5,2025-02-28 01:15:00
9a16ed14-4671-48d5-92af-5218d8e659e9,9a08bff3-1cfb-4b10-933d-980c5623b5af,restaurante,9fb5445e-1c19-4c05-a82c-6aeb130eeea9,Sit at tenetur porro quo ipsam.,4,2025-02-14 16:30:00
16074844-484b-41f0-81d3-7f4b200f964c,7e7da564-9f8e-4506-97ec-d50006ff3d90,restaurante,7d209538-831e-4608-ae37-85ebae181379,Consectetur sint delectus iusto ea rerum ipsum.,4,2024-07-21 05:15:00
76a6080d-5bd5-4c93-8ad5-9296ff5fd323,0e5d3ee4-1c2a-4b04-a2dd-52f9359da119,orden,5366b222-a299-47cb-a8a2-05c541e7dfe1,Officia nihil dolor adipisci.,1,2024-10-31 21:30:00
2b953cc9-010f-41f4-8bcd-ffd4d8934581,5e31ee67-dac8-4f04-a717-e42fbb7e9f38,orden,36d91dd8-b739-4983-bbe7-4c54a9b6134b,Aliquid corporis eveniet commodi ut adipisci excepturi.,4,2025-04-19 10:45:00
57fd96cd-5d5f-4721-a3d7-f9c566a09b73,9e1b0f7c-d376-400b-b3fa-f594dd6c4e9a,restaurante,1dc360fd-831b-4169-a7f0-65384fc55afb,Nemo ut rerum in quibusdam minima sint.,4,2024-09-18 21:15:00
1d1ad933-0faa-4271-b38a-776ba4f623ad,aec3571d-62e6-4d0c-900a-efcfbe37b6f0,restaurante,c723d220-7409-4ef2-a89d-c871021ff9ea,Eaque totam enim blanditiis blanditiis placeat vitae.,2,2024-11-04 20:00:00
b6431c03-e8b0-42f4-92fc-242bfee0afcb,9200ffe7-b8c9-45e9-a54d-39947078c305,orden,5562dfd8-5138-42e5-8d97-46f266e59b74,Similique iste cumque voluptate reprehenderit cupiditate.,1,2025-02-02 12:00:00
dabb9275-d8a8-4881-bffb-8e3506760efd,f9ea3da0-b081-4d15-8f74-a3a05d23c7ec,orden,5313241a-0c9f-4c5e-8858-4a3b6f39a88e,Assumenda veniam ullam saepe ex.,3,2024-05-15 22:00:00
0697111a-e9fe-4ac7-a7c5-7e21cc22a18b,e26c5ace-9bc7-4c4a-ae1f-f6970bb85c3d,orden,1c5a4a33-4b6c-440e-90e0-63fad6727c2d,Nulla soluta deserunt tempora.,4,2024-10-22 19:00:00
0d78e0d0-b503-4b73-bcfe-d26bd32e57e9,788b0c80-070d-4b24-bfde-3491eee7c36a,orden,a33c31b3-3cf0-48b8-8300-f8890d8d367c,Cumque amet non assumenda.,4,2024-12-27 00:45:00
0110ce92-e02e-4057-b0e2-d7802f558e75,778053c7-63c3-4936-9622-b450acb84e6d,orden,4fb1e1fc-b19d-4dc4-afc9-d2a182dfdb40,Commodi reprehenderit iure.,5,2024-08-12 13:00:00
50b007a6-f841-4742-9d6b-329676a0f903,818bc7c4-4798-4b37-b922-4938426b7c9a,orden,c5849872-a8fc-45bf-955a-0e1ae52d0473,Voluptates corporis consectetur minima.,5,2024-06-05 20:30:00
86210b10-62b6-4d29-a18a-0d630cfb4f47,30d58810-0630-4421-bed0-00c28b28ee9d,orden,714dc092-2922-4d28-9c60-53057088d51b,Laborum provident repellat vero ipsa maxime facilis.,4,2025-04-03 07:45:00
0a2b1d55-68eb-41e7-97e3-a32218268172,3aff2541-3857-4cce-8c7d-fde9f4a5e535,orden,9300470f-a19b-4b8d-9fb4-fcce8d61bc3c,Suscipit reprehenderit beatae exercitationem ipsam deleniti laborum.,1,2024-11-24 00:00:00
04049bbc-59dc-4ebe-ac73-ecc4c91c3ac1,b5bf4a77-f5ed-47fb-a20f-6ff52ad3462b,restaurante,2f402980-2e32-424a-9f75-8095c4f81d3d,Recusandae consequatur adipisci sequi.,4,2024-11-07 22:30:00
a4d08ae2-d7a0-4a60-a9de-532840ead0a4,9915eca4-6eb0-4f0c-9daa-38fd9edb8f89,orden,3ae89991-208c-4167-98e3-4671d3673274,Enim molestias quas expedita.,2,2024-12-01 04:15:00
d4484824-5456-4e61-b657-73a9af19521e,efe3a217-a047-4f3b-84c6-9db71a88c847,restaurante,9fa8a33e-d9eb-42bc-b1eb-9e504bf9fa54,Assumenda amet eius eius qui iusto adipisci.,4,2024-06-24 20:00:00
3e8d3052-d80b-450a-8e1d-397d88e9501b,a0f34524-764d-449b-8483-ad7351c2a7b6,orden,467ac0c4-17c8-422a-9165-6ef50768b970,Ad sit ipsum omnis.,5,2024-05-30 07:00:00
c079314d-3d07-4bfb-bac2-2fded056c2a5,ea1568ca-bb91-40d5-94f6-29bc2e3c6cfd,restaurante,e779246c-d7f8-4809-97eb-d851a296f039,Excepturi dolor atque repellendus dolores.,3,2024-08-22 14:45:00
4100c20a-041a-4137-b775-82d4ca153655,b5a90add-f997-4dad-9333-3b893e24c281,restaurante,d5b76736-244a-4d37-915e-ddf5289605dd,Nisi magni architecto delectus.,1,2024-11-16 02:15:00
3ac891ca-31ea-41cd-a506-f5202cbe2784,efe3a217-a047-4f3b-84c6-9db71a88c847,restaurante,5b8176a5-4ad5-4dfb-9073-16c8aaac608a,Commodi architecto quos exercitationem cupiditate rerum.,3,2024-06-14 10:45:00
d534929b-b2ee-408e-8933-1a54caf38c76,5e339206-f9be-4117-bd18-4d80a25a1b23,restaurante,dc869758-6fc0-4091-ad10-2ae2a090de02,Porro totam sapiente dicta culpa sunt dicta voluptatem.,3,2024-06-08 05:30:00
311dd3ed-0b54-4e13-84f8-af060b87e051,7408a4e2-93d8-4149-8e97-f58d1a04b9c4,restaurante,de2e3d8c-e780-4f27-b243-dfa022d7ea1c,Pariatur corrupti atque voluptates eaque quo eius.,2,2024-09-06 21:30:00
c8e83732-8c00-4864-9627-5f83b8716a40,a200a349-eafc-42e7-91d9-d50d49f95175,orden,7b39914c-381a-4b97-90c9-766c6b66be83,Debitis molestiae aperiam beatae quam modi.,1,2024-05-16 07:00:00
80571648-825f-44fe-87a9-38ba74b33be8,83babf86-bc2d-4977-99a4-ae328dc903d3,orden,17ac8d95-04c9-41db-a262-73d7897fe91e,Optio neque mollitia optio corporis est exercitationem.,5,2024-10-17 09:45:00
01e48e74-e51f-47ba-b1b5-47bf21458f54,5075f7de-b921-4b6f-9422-304ca0607b15,restaurante,d00a1d6f-6799-47ed-a214-c4a623556346,Nobis ullam inventore ipsa quam in minus.,5,2025-01-19 02:00:00
bc80f334-d084-4cbe-829a-47a812fd7a2b,d7ecca77-12cf-49af-9178-bfb73002016e,restaurante,68237a6f-4fa3-4ea5-9d26-11051afa0384,Fuga blanditiis reprehenderit repudiandae tenetur pariatur.,1,2025-03-25 17:30:00
cf43358f-b183-4f42-9518-afe68e11f8d1,42770909-9b94-47aa-a84f-831f28eaa8e4,restaurante,6425ceb2-52dc-4f45-995d-e4a857b6402b,Quae nihil odit.,2,2024-10-25 10:15:00
f7c28230-97f1-4d17-b244-2b1e9be1c48b,aec3571d-62e6-4d0c-900a-efcfbe37b6f0,restaurante,17bd7264-d196-4fee-bf10-8c9f565e921c,Possimus fugit modi praesentium sit asperiores.,1,2024-11-02 23:15:00
755f2be3-5688-4ba0-b7c1-326eeb6a4b0c,39507950-b2b7-4cd3-854d-f06cec011a20,restaurante,ac6d07cd-7685-4d20-a4e5-c73f9490ec6a,Tempora maiores voluptatum similique.,2,2024-06-25 16:45:00
e6d47bf4-e09d-4fe6-a9cc-c8bbd6a54b0a,dca72228-d0be-4469-9c98-46165957fe8b,orden,be8e725c-01fa-46ba-9953-bd69c233ba05,Ea tenetur minima tempore perferendis.,2,2024-11-09 14:30:00
39175b82-f38f-46da-b249-c862abda57a4,2d616741-9cca-4efa-9169-10f057f0c505,restaurante,cec8e702-20c4-4a7c-97b9-91e6dd1aadef,Minus illo iste nam soluta voluptate magnam itaque.,3,2024-08-27 03:45:00
23b80939-7b9f-4f1d-a401-0d807e9f12cd,4166a582-dfe0-4bdb-908a-cf3b2c359d8a,orden,3dff0970-670e-4caa-99c6-f501eef5d22d,Perspiciatis esse quibusdam quaerat aspernatur.,1,2024-08-22 22:00:00
26f07fc3-b670-4690-83d6-4dff32bf71e8,301c73f0-0add-4b6e-a34a-0bde774bf741,orden,d744961c-dfed-4f4a-a24b-e1ce396266dd,Pariatur mollitia ut corrupti magni quaerat.,2,2025-02-15 19:30:00
e68c23ce-ab12-4918-bce2-daa94f54b989,d2b409b8-e05e-4c2d-a0a4-8f3a819a2a86,restaurante,15dee954-4527-41a9-940a-2663f0ad9ac3,Tenetur ex distinctio saepe.,2,2025-04-02 16:30:00
849817b2-2505-4111-8b3b-65a763c7d2df,f97c94d9-f87c-49a8-bbdb-06ce4cc1d9bd,restaurante,991d8248-91b3-436d-a1ba-707e6283fe68,Eum dicta distinctio aspernatur nihil eveniet repellat nisi.,2,2025-01-23 15:00:00
ec009203-51ff-40f6-9f19-49cf13a331b6,7d579295-4621-42fd-8ce6-44d7ac0204ca,orden,6108de37-7531-43fb-969b-141888859355,Molestias rem cum aspernatur enim libero.,2,2025-01-01 16:45:00
d41625f8-e76a-4bbd-b1c3-c136248c6e83,5ebcd335-d48d-4726-8d52-e4f834f65068,orden,9facdb1b-0c04-4c22-9c17-d1663050c193,Libero tempora autem quam officiis quo amet.,3,2025-04-15 05:30:00
a01ae54e-3571-429b-8038-6975c9e5d299,aec3571d-62e6-4d0c-900a-efcfbe37b6f0,restaurante,698279f2-e565-488d-a23e-ee0104273cde,Corrupti quibusdam corrupti totam culpa eveniet cumque aperiam.,3,2025-01-09 22:45:00
b30fe7c6-eff8-4b3d-8752-b055eaa6b906,4f3f1d3d-4209-43c8-a6ca-b00efed2a12f,orden,574adbed-5024-40d4-928b-2f87a510c8d2,Ea reiciendis rerum laudantium omnis quia quia.,5,2024-11-17 10:00:00
b8fa2225-6e60-461c-8fa0-63261c5353c4,fd315413-4757-4f56-8c92-c321de95bf3e,restaurante,f11483fc-e276-41ff-b407-1c73cdbbef2c,Laudantium aut nostrum inventore vitae.,3,2024-11-13 04:15:00
85f3bf24-0051-4558-b56d-c923831a26a4,5ce3c659-c24a-45f5-b8b1-51729b2116c6,orden,e0655f96-a42c-41d7-9b72-a86a5f37c8bf,Ab amet molestias quis quidem fuga.,2,2024-11-29 13:30:00
82728c0c-f08b-4d34-abfa-aab7f306d794,9df9a8e3-b92b-442a-8292-6bb6a6d57900,orden,c38eb291-55c8-40c5-8ec3-a91627c5ff74,Labore rem facere distinctio cumque eius natus.,1,2024-11-03 07:00:00
98c5310b-7cdf-444c-9b7a-be5bd202517c,6b6f0d59-d92f-44b6-a33c-d879ce23b1c8,orden,d744961c-dfed-4f4a-a24b-e1ce396266dd,Magni beatae autem.,4,2024-07-04 22:00:00
cbc39d5d-d9af-4f6a-ada4-39cdcb6b91bd,197a38c1-7b8d-458d-8541-5b5ee7fd885b,orden,5baa767c-2767-4dcc-9b32-b2c1bde175b1,Officia explicabo harum perspiciatis doloremque ad nesciunt.,5,2024-12-13 10:00:00
ef4c4b93-f54f-4821-84dd-f6d8bc3e4c9a,fa29b0cc-dff5-41c7-ade5-e8009bb8fee2,orden,863aff4b-fd5d-4514-9c56-ed3964655887,Porro ducimus ipsum sit.,1,2024-06-15 07:00:00
2a539b5d-335a-45df-9346-cb9311da08e4,7e7da564-9f8e-4506-97ec-d50006ff3d90,restaurante,3205ddaa-c2cb-4c1d-bd9f-a4ec2182438c,Sequi deleniti ipsam fugit provident odio illo ad.,4,2025-03-26 00:15:00
52d5b6e3-e951-48fa-be9f-717220459a22,7c63812b-ced7-4efb-ac18-868376ca61be,orden,b0e68e40-09d2-44f3-9ae7-d48b4536d635,Doloribus quae numquam itaque.,4,2024-11-07 22:30:00
9e97d7c3-58d7-4025-93b8-084bf8097eb1,b29e1a37-6889-4660-8ff1-cb4223cddbf2,orden,def594b7-d401-42e7-9f73-0317811d9438,Explicabo autem facilis soluta incidunt nisi.,2,2024-05-07 23:15:00
4b0a3210-4f17-4638-ac97-b33cecf1b0e4,9915eca4-6eb0-4f0c-9daa-38fd9edb8f89,orden,e764d250-46fd-4afc-984c-27349d60cfbf,Perspiciatis at cupiditate hic perspiciatis.,1,2024-12-22 14:15:00
dc6fc123-c75c-4690-9049-406abf485562,6350ef4f-c247-4b14-abff-2d1954ba0096,orden,48be63c7-8b79-4a6a-81ce-2f07fba9f4d6,Rerum quaerat delectus inventore dolorum.,2,2024-08-04 06:30:00
5aa67044-895f-4004-b80c-be9044a3a354,f70b64c7-05c9-4d52-bcb6-278398c52633,orden,cd2fd29c-5faf-4852-8180-9a469cc45773,Molestias eligendi ab iure dolore.,3,2025-01-13 02:15:00
97fcf29b-7b96-44d9-84d4-4d734c25d5fa,2868b2c8-3288-47e8-ac20-bbff92acdeec,restaurante,981b3b16-7185-4cb7-86ca-4368b20f5965,Dolorum explicabo in nobis itaque omnis corporis.,1,2024-05-13 05:30:00
cc8ccc72-58d9-42c6-96ea-78a4eff6c721,5aff442c-5168-4d0a-b122-98f097bd4484,orden,7c3b34b7-b38b-4e72-800d-0694c1131119,Nostrum consectetur perspiciatis harum repudiandae iure.,5,2024-12-01 08:45:00
a7c9f464-362f-492e-a17a-36ffa2600ede,42987de4-3591-406f-a345-0844e1e0ad36,orden,06ab9d11-4380-43a4-bec9-28f32eff2ce2,Hic omnis illum itaque incidunt consequuntur.,5,2025-04-08 18:15:00
63683399-5215-4a75-9787-c4751bab0f7a,7408a4e2-93d8-4149-8e97-f58d1a04b9c4,restaurante,7d2aa15a-e397-448b-902b-0edda41df943,Harum ex error maxime commodi.,2,2024-12-25 07:45:00
561726d8-7a30-4ba0-9bef-00aa0e2f096c,5074bb6e-cbf1-4e9c-9b2d-92243cdaa263,restaurante,7854173c-a087-4097-983e-baa4ad647454,Distinctio soluta maiores beatae expedita.,4,2025-04-05 21:30:00
37ff0ba0-bd26-4c25-bd22-dcb8246d4e16,fd315413-4757-4f56-8c92-c321de95bf3e,restaurante,31d6d3c7-908e-45b2-9052-e50d40e0a515,Molestias incidunt at quas vel aliquam suscipit quae.,2,2025-03-08 08:45:00
bfc865d6-1f35-4347-983b-a6e9c28dbe00,7cf6f4e3-3cc0-4c0b-9fe7-edf277f53606,restaurante,b01c2d28-2cec-487a-900c-c98111f98fd3,Consequuntur illo reiciendis maiores cumque.,5,2025-04-26 14:30:00
b59425d4-ea5d-4eaf-9291-1048e4ded9ce,984cea87-609f-4369-a073-3329ed171e22,orden,3ae89991-208c-4167-98e3-4671d3673274,Ut explicabo expedita corrupti non.,5,2025-02-26 11:15:00
db23a929-dadc-4972-a89c-c2086c35bbfb,d4b0fafe-2a11-4643-b4e2-5cbf3fe4a1a8,orden,3053a38e-8c30-4c5d-a382-a26324bccfbf,Beatae suscipit neque architecto sunt.,2,2024-10-28 11:45:00
11b66bda-2497-447c-9123-116d7bd5856a,b5bf4a77-f5ed-47fb-a20f-6ff52ad3462b,restaurante,76fd6867-3054-4fbc-be06-8bc07ae1918e,Labore consectetur aliquam cupiditate.,1,2024-08-23 02:00:00
743e520a-4f38-4515-a039-e450f0791321,67747616-0aea-4292-8edc-334f61cca217,restaurante,89069f40-a0f1-456c-90a3-ff4a510728e3,Suscipit voluptates blanditiis quis commodi consectetur laudantium tenetur.,4,2024-05-29 10:30:00
b0bea0a3-698b-40ad-b5f3-e42ab82d6a7d,3d9fcecd-49ad-47fa-8b7e-3af12b1e7cfd,orden,2e003ba0-e57b-42df-94d6-9cc37ded35ae,Repellendus eligendi voluptatibus cumque architecto nemo.,1,2025-03-15 11:15:00
be6575cb-614e-4eb9-a126-0bfbf5fc6d79,576c5fe7-62f9-4a20-8a88-e428af0f15ba,orden,9f620f5c-246e-45c7-882a-00cdf8fe0d69,Esse optio velit cupiditate temporibus reprehenderit quisquam.,4,2025-03-29 09:30:00
913a7c51-ffb4-4b03-9669-0ad27654a556,545bee97-6a2f-4ce8-b6d7-fc5fec76bc3e,orden,18125ae8-5cb5-4052-bc33-259a74f9e2f7,Ipsam adipisci aperiam expedita nihil ex suscipit soluta.,2,2025-03-04 02:45:00
6e4c6288-014d-4d18-bbc8-799439b37a29,7ef48c3c-d898-45a6-910d-14e0fe6490c5,orden,6f2f9846-44d4-4b73-85b3-76fe8ac5bc54,Tempora in in sunt sunt quo adipisci.,4,2025-01-02 19:30:00
fc36e1e9-f53b-412e-9091-4a768f430b0c,2ff3dd4d-0fdd-48d5-9dc8-9c862f66d337,orden,325fb2bf-d27a-4d4c-ab2b-5d3bf0387b79,Aut eius possimus odit quo.,2,2025-01-27 07:00:00
a93a8f74-ad7b-4902-ac7b-34f247f1dd9e,3712bf1f-7de0-429d-8ba3-e62b4abe1513,orden,87beab76-4584-409f-8afc-9c55f8559614,Impedit delectus doloribus veritatis reprehenderit quasi.,4,2025-03-22 14:30:00
f99533df-e305-4c34-bd98-0419324586cb,356db916-7241-4da4-8419-a310f5ce4665,orden,d7b9d8ba-04fd-4652-98cd-e2e3b4cd54eb,Consequuntur illum illo dignissimos aliquid.,3,2024-11-17 07:30:00
aa00b121-3ab3-44c1-8622-769b7acece70,79eaebd7-50c5-4fb1-9107-b6fe5d180a6b,restaurante,1113d36b-17ac-446d-b388-82cca91dff8e,Ea accusamus non porro voluptas nostrum.,1,2025-04-11 14:00:00
45c408c9-bcb1-41d1-a934-7951bfea4d7e,b3d3d5e6-8170-4366-95bc-6b08460e0985,restaurante,3164b671-09b7-46a0-946a-5f71fd62832d,Illo officiis natus nulla.,4,2025-01-17 16:30:00
068a9345-6bf2-4546-89b1-05fe467a4d21,2198767c-c235-480c-99e8-231e5bd24546,orden,e1e63a80-4cae-4455-a76e-29ee3e8072cb,Ullam eveniet eveniet deserunt ipsam aperiam veniam amet.,2,2024-06-09 05:15:00
e39bbb0e-48fb-4f1a-a8b1-f121a9190c99,199ba9b6-14a0-4509-81f2-1beb46fc09da,orden,ecca5d81-9402-4b4e-afc6-01bb7401a24a,Iusto repudiandae impedit omnis reprehenderit perferendis.,5,2024-06-17 00:45:00
4b4a98b2-03df-4e3e-8041-636833f29c26,f660b8a4-129e-428f-9a50-aa989ec6fd01,orden,23e2c02f-11f9-458f-b97c-55d5c40b28ff,Aspernatur excepturi ratione perspiciatis.,4,2024-08-04 04:30:00
44e7b0fe-6777-4e01-82c2-68fe620d06b2,5074bb6e-cbf1-4e9c-9b2d-92243cdaa263,restaurante,bdb776da-d2c9-42a5-a51c-ac12fe63dd49,Modi odio harum.,5,2025-03-29 10:15:00
f47c20cc-151a-4920-a8f7-7df187f19868,f97c94d9-f87c-49a8-bbdb-06ce4cc1d9bd,restaurante,65758706-5fc8-40ad-8485-e2229407c5bc,Tenetur magni recusandae officia ex incidunt.,3,2024-08-27 16:45:00
d5d8f220-dde1-49f7-82ca-88284bebd386,10c514b2-b58a-4131-938f-1d1c90d7f9f8,restaurante,b218eb57-fc4e-4342-87e6-a9dff0e09b1c,Odit est repellat eaque doloremque dignissimos atque omnis.,5,2024-07-15 20:45:00
6b41d67c-e306-4867-8886-c6f5b980b5a1,c5d71192-0a62-4175-aff5-3a1b7266039c,restaurante,67319e1d-f7b9-41de-b4e9-0ff8495cf35b,Porro debitis earum molestiae reprehenderit.,5,2024-06-18 12:15:00
0091e33e-9f09-454f-97c0-059b824dfddd,efe3a217-a047-4f3b-84c6-9db71a88c847,restaurante,e048bbb3-14b9-453a-aafb-29213e4e9803,Nobis placeat natus cumque.,5,2025-01-06 17:30:00
f00587e8-2cdf-4fc7-ac5b-d3fb2cdbb4f8,6e6ae2d7-8356-4f53-93ff-023ce15ddc29,orden,01640635-b5c9-4db5-8917-92ab090f0f31,Cumque molestiae fugit aperiam ducimus quae ad.,4,2024-05-09 22:00:00
c89a55e1-3700-4e57-ad72-76902d138efc,db137620-89fd-4c0d-a769-e13af247518b,orden,0ae5a260-65b3-4217-9dc8-046559d9be2d,Natus dolore at molestias natus ducimus nulla.,4,2025-02-27 12:45:00
49baca0a-e6a8-4bf1-bedb-eaa60eef5528,755ac881-cb70-48a9-9422-9bf6320d1b61,orden,723b0f42-181d-4308-96f9-277442052da0,Asperiores ducimus maxime repudiandae fuga saepe.,4,2024-12-15 00:30:00
9cce415e-821a-4401-9dca-aa316b2a149a,dcf2d9a5-7f22-44bf-8228-97f57d38429f,restaurante,47543d99-cba5-4be8-b943-21cfa695e85a,Corporis quisquam dolore nam nisi fugiat animi ad.,2,2024-05-10 12:45:00
3b6f26f0-59ec-4f2a-84c4-d5786af4a539,d8bd3f24-2654-4548-ab54-34d921f8fa5c,orden,497578fa-f6b3-44b3-b9d3-4dd7e557e9a8,Harum officiis amet saepe saepe magni provident.,3,2024-06-30 00:30:00
e8059e8a-7a9a-485e-a275-bd690617babc,9e1b0f7c-d376-400b-b3fa-f594dd6c4e9a,restaurante,bd0496f9-4117-4caf-ae26-9c147147122d,Magni ex neque debitis vero voluptatibus tempora.,2,2024-06-20 15:00:00
8b2689f2-5b66-49eb-809a-83bd180b89ba,a1edcd7b-eb85-4ed3-b91d-c8a1c2412f1c,orden,fd646d08-4e3d-4d54-9122-1b1712fff27b,Repellat animi facilis ex asperiores sunt optio.,1,2024-11-08 19:30:00
92345878-eb83-45d7-b98b-4c585c3c675e,aec3571d-62e6-4d0c-900a-efcfbe37b6f0,restaurante,60a93beb-ca3a-4318-aae6-ed84f7eb830c,Voluptate vero error earum ut tempora voluptatem.,5,2024-12-31 13:45:00
e5ade3c4-442d-428f-a530-066067d3b034,6e6ae2d7-8356-4f53-93ff-023ce15ddc29,orden,38214059-3a2d-4e64-a731-985ad9f01c1f,Et ex facilis amet laudantium.,5,2024-10-22 08:30:00
b4f3e266-d45f-4b4f-b19b-53a67c1b5b70,d3f5ba7d-a2ed-4e02-94ba-c35b76877ef8,restaurante,207737ca-6a8b-4c01-acdf-ffb01294dc85,Aliquam delectus architecto porro maiores.,4,2025-01-07 21:45:00
2df2a64c-5c1a-4321-9bb0-ffa7aecd1100,02f5c98e-53fe-4edd-9051-1f0ab6408f46,orden,7871d049-fdda-4866-b2b1-dc8c222d54b6,Molestiae debitis expedita soluta temporibus dicta.,3,2024-10-31 04:30:00
6078483e-d1f1-407b-8fbf-b7f8ccd75a6a,421d3a8c-32e3-4352-87cd-1e48c2520a4c,restaurante,92973aca-e06a-48b1-bcce-0750f6541cbb,Incidunt inventore similique nihil impedit.,5,2025-04-06 02:15:00
0d40bd3e-bc88-465e-8ecf-ea9bf2ef0055,5833744d-b72d-416f-a256-dfa7943c431b,orden,f8d13cc1-70f7-456e-9bb4-56b904624a88,Assumenda cumque sapiente dolorem.,3,2024-06-27 20:15:00
8154184e-4e05-4e8c-99da-15588235f8e3,611c4382-8d48-437c-a6ac-e498c0af769f,restaurante,624f85d5-2ccf-45fa-9d24-1a52ba6962ad,Explicabo velit repellendus delectus iste animi dicta consequatur.,5,2024-05-13 16:45:00
6587ef33-9015-4a0c-8e51-3a22392d9c7a,546afa7e-ebac-4c9e-b298-becf456c3c3e,restaurante,e0655f96-a42c-41d7-9b72-a86a5f37c8bf,Minus culpa impedit hic.,3,2024-05-08 14:00:00
9f94c917-df21-4895-9727-32cd6a12a9e4,0c3b70b4-4184-4d07-8edc-c69f2c3c6119,orden,f181b21f-8f52-4a4d-9356-4104254d584c,Quis occaecati excepturi ab maiores quod.,5,2024-11-23 15:15:00
8a4fb46f-206a-40c4-9e46-b83b7abe204d,01bb61c1-c313-48e0-8b6f-115b551a7242,restaurante,23e2c02f-11f9-458f-b97c-55d5c40b28ff,Esse quibusdam rem repellendus dolore consectetur iure.,3,2025-04-25 04:15:00
9cfe8dbb-7620-4444-851b-9409dccbb8a1,d3f5ba7d-a2ed-4e02-94ba-c35b76877ef8,restaurante,f9e1979a-d5d5-4b09-9c9a-7a0425762efd,Natus odit laboriosam non aperiam cum nam.,3,2024-07-21 05:00:00
27996b8b-32fe-479e-b0d6-4df06c46a572,d2b409b8-e05e-4c2d-a0a4-8f3a819a2a86,restaurante,70b8d5b3-4066-4289-a53c-7e62786330e6,Sit inventore assumenda velit beatae commodi.,1,2024-06-26 16:45:00
bb2ffb64-e30b-4525-ac57-ab991076e065,e0500b40-c45a-4532-9c59-910b0f3d09c2,restaurante,1c5ef168-805d-404e-9b63-c0fb0e9b944e,Alias neque quasi deserunt sed labore.,1,2024-07-07 17:15:00
c47849e8-574c-4cf1-b046-1417a204f590,453c587a-094e-43f9-b300-b121149f2e16,restaurante,5313241a-0c9f-4c5e-8858-4a3b6f39a88e,Voluptatum illum commodi delectus eaque quasi.,1,2024-12-25 00:15:00
e5001fed-e093-4f20-9e08-305c11b4cf77,cef2e817-d62e-46c1-9e39-ac5c2a02b874,orden,c23d3187-ac94-4dd0-b0c3-7d0453907433,Illo ex laborum dolorum exercitationem.,5,2025-03-31 20:15:00
7b6fa651-532a-4ee9-9af2-fbdaa6906a7c,e6e9c831-4130-41e8-a89c-ca7f2ace92bd,restaurante,ca5b548f-b0fa-4d41-b90f-cb08f21e9a7f,Consequatur atque veniam quod sed.,5,2024-12-16 15:15:00
8158aa2a-0132-49a7-a2a0-9709a7cbca87,97805341-6f3d-4c99-813b-94da786285f5,orden,eb7c0496-b40a-4a5e-8376-6f3128fc0c6f,Esse velit illo nihil commodi.,2,2024-11-16 09:45:00
3e674743-430a-4382-9862-2daff18b67a8,9e1b0f7c-d376-400b-b3fa-f594dd6c4e9a,restaurante,a69fba7c-efd4-4b7f-94ca-731556d42703,Delectus odit voluptatum architecto at.,3,2025-02-21 18:00:00
8ebba546-e76e-4b90-a3f6-48ddb9c5a8c9,18fad4da-8f11-4936-ab29-5cd55871a724,orden,813cf319-368b-4a5e-a51d-908312188498,Eius sed dolorum culpa dolores illum aliquid natus.,3,2024-06-01 10:30:00
9ff27916-dd41-4acf-a54c-fc0025d13d6e,339c3c2d-e95d-4ed1-9bf6-080511ccc6df,orden,49841557-71e6-4e1f-9c80-f734e6e9895f,Fugiat recusandae dignissimos maiores cupiditate nisi.,1,2024-11-13 23:30:00
7cb1cd23-723c-4e3d-b821-54567a91aba9,ea1568ca-bb91-40d5-94f6-29bc2e3c6cfd,restaurante,31d6d3c7-908e-45b2-9052-e50d40e0a515,Itaque eum commodi.,2,2024-11-19 03:15:00
be532be7-6555-4865-bfcc-cf45d8061853,79eaebd7-50c5-4fb1-9107-b6fe5d180a6b,restaurante,376ba77f-b46a-40fc-a0a7-d8a8306b9236,Facilis corporis rem molestias cum voluptatem.,1,2024-11-08 19:30:00
7fc9359a-57c2-4076-906c-0e2164f78d67,dcf2d9a5-7f22-44bf-8228-97f57d38429f,restaurante,59d01e33-b2de-48c1-8ee8-d702f34e18d5,Ut itaque repellendus eaque architecto.,2,2024-09-24 02:45:00
8c03b426-9ac4-4839-9c71-ddd63409a117,4c606925-0445-44ae-8271-5d0e76f24e13,orden,5edae461-a3ee-4da9-b008-99ba6fcd51d6,Pariatur repellendus earum animi.,5,2024-05-07 12:45:00
f2625ab6-c6ae-4c29-8cba-90990a0d0e46,42770909-9b94-47aa-a84f-831f28eaa8e4,restaurante,96494e53-2057-4c3d-bcb9-ec2f105b0995,Repellat soluta repudiandae.,1,2024-06-10 00:00:00
e789d930-6644-416d-997b-ffdcf5bfbffe,984cea87-609f-4369-a073-3329ed171e22,orden,18d5b99c-44db-44a8-bb27-b0377c144f0a,Asperiores atque temporibus eligendi suscipit accusantium accusantium.,4,2024-12-15 22:00:00
de621b77-6d68-445c-bbdf-01b88074656e,4df675d1-81a8-49e6-9f60-b5932491d330,orden,abf3ac80-e533-40af-be5d-4fe752de2954,Repellat ea omnis.,2,2024-09-24 04:30:00
a1498923-864a-423b-b8a5-a5ccb2063998,4f3f1d3d-4209-43c8-a6ca-b00efed2a12f,orden,477b31cf-7840-416d-aa7c-fcc85cb1e6e8,Nulla assumenda vero labore natus magnam quia ratione.,1,2024-07-29 08:45:00
7e0b4d21-c03b-4724-819b-8da134e7468d,869d3253-54ef-4582-8ff3-9eb198b7aada,orden,fcf93a88-465c-4ca5-a26a-ce2a07b06f58,Fugiat placeat ducimus inventore sapiente.,5,2024-10-10 09:15:00
8108c25c-ef13-4386-aa2e-51876c6c6399,5075f7de-b921-4b6f-9422-304ca0607b15,restaurante,c5849872-a8fc-45bf-955a-0e1ae52d0473,Praesentium id neque soluta.,5,2024-09-10 19:15:00
9b109f51-12bb-4f15-9ffb-3ddaaeb1a832,b021924b-39c1-4757-bd24-c00a03a38659,restaurante,5da5d94b-25e9-414b-938c-affd72aa0c91,Architecto doloremque veniam repudiandae autem ex.,1,2024-08-13 17:15:00
fe777efd-6d88-4bc8-b64d-e998d8bf4533,3958a64a-3648-4024-9f4a-2105f11ca9ba,restaurante,a746be9d-6cc9-4078-b65d-e267b0842bbb,Ipsum quasi laudantium blanditiis.,1,2025-01-23 23:30:00
902bdb7b-5bc5-4e14-a368-4119ccf77ba4,c5107180-ba1d-49a4-a52c-7e299946f57e,orden,78232ef0-110d-407f-8334-1e78ffc861c4,Perspiciatis natus tempore officia molestiae assumenda animi.,1,2024-08-13 07:00:00
8b5b5316-bbbf-48fa-9074-8a5790b75334,480cfd4d-dac3-4769-b933-add5f9f269ff,orden,da33492f-f031-42b9-9f37-28d6f9b050de,Veniam corporis officiis quidem esse.,4,2024-08-06 08:00:00
f7d8b43f-e201-4cf1-a3fe-5d86e7d266c0,d3f5ba7d-a2ed-4e02-94ba-c35b76877ef8,restaurante,817921fe-fb20-4a3b-b9db-4da3e43927a7,Ea quidem fugit minima explicabo.,1,2024-07-18 13:00:00
8a1428c8-b16c-49f1-859b-d65eda8d9e3e,9177a2a9-fdc7-4702-a7b0-ee172a76d32e,orden,8f34e87b-f7e0-469c-b09a-845739953983,Cum quaerat eveniet minima voluptates maxime fugiat dolorem.,2,2025-02-18 15:15:00
16b0ec05-b27c-4601-b5fb-5098e7337d75,5b988584-6b36-4257-820d-4f8115bb985e,orden,fcc2eb06-ec91-4915-873f-693d17746a5f,Eum alias omnis tempora in dicta laborum.,4,2024-10-10 05:00:00
f9efbb6a-2e3a-4074-bf24-0df1ccb78198,58790434-50cf-4882-b313-abd4c92f586b,orden,b0a23509-13df-4398-bd36-373d37f57018,Maiores veniam illo a pariatur.,4,2025-02-21 17:15:00
1a75fd31-dc07-4a60-802a-23b44940cf44,ea1568ca-bb91-40d5-94f6-29bc2e3c6cfd,restaurante,4ab5161a-8355-4f51-acfa-7356f7ab15ee,Explicabo aliquam accusamus officiis totam esse.,1,2025-04-12 23:45:00
461f0532-3e94-48f3-a5db-cea8df688573,82d7c8de-31c5-45e8-bbdf-a4ba0ed0cda7,orden,72dfc058-c9d2-42e4-be3a-f9e1ea139197,Illo unde quisquam animi.,2,2025-04-25 15:15:00
b2af3368-7994-4bbd-ab48-e37e7723f0b1,67747616-0aea-4292-8edc-334f61cca217,restaurante,c723d220-7409-4ef2-a89d-c871021ff9ea,Fugit occaecati nobis dignissimos fugiat.,4,2024-10-17 20:00:00
44eb6b39-542b-4f9f-9939-281cb83ca164,9a08bff3-1cfb-4b10-933d-980c5623b5af,restaurante,55fc36db-c4f7-41e7-b23f-6e3d278cf5a2,Quasi explicabo optio esse sit aliquid reprehenderit.,4,2024-06-25 06:15:00
476ef004-e45f-4a28-9f2f-87fb4283b995,5dfd81fb-cd68-439f-9ab9-6ef099b0a94f,orden,dab0fd79-9938-4dc3-bb3c-d52307117814,Amet est labore minus maiores.,5,2024-06-17 11:30:00
66e29249-e161-4143-a272-17bb3740438d,17bda07a-d31d-45db-ac09-6ac6f2effc40,orden,2e003ba0-e57b-42df-94d6-9cc37ded35ae,Amet cumque eligendi et architecto amet ea.,4,2024-06-22 21:00:00
6c80c225-a257-4453-b1ce-e3d57caff54e,05bfeff7-e96a-4ba4-a972-7c651d001c71,orden,bae0409c-a3a1-4cd9-af73-b38acf48f353,A iusto ea adipisci temporibus.,1,2024-12-29 10:15:00
83d76682-4da1-45fa-9fa6-a68647460966,9e1b0f7c-d376-400b-b3fa-f594dd6c4e9a,restaurante,37808cf2-50cf-4363-b16a-4ed61abcfff7,Eius perspiciatis voluptas fugit consequuntur nulla necessitatibus.,3,2024-11-26 14:15:00
df45dadc-aa39-435f-923d-485c75dc7b8f,b0c4e358-a58a-4be1-b561-f19c7d4ff8c8,orden,b82e2a14-01bc-4a44-affc-cd8488f33543,Ipsum cum incidunt minima esse unde.,2,2024-11-28 10:15:00
14562cdd-8064-4592-9302-a54fa1f3d107,b5a90add-f997-4dad-9333-3b893e24c281,restaurante,57fac0bc-ef5a-4790-abdb-75e6a9d6b011,Voluptate quo nulla non.,3,2024-11-13 03:15:00
b592f540-aa53-4956-84f8-ea04b12f655e,f97c94d9-f87c-49a8-bbdb-06ce4cc1d9bd,restaurante,b15f837f-c4eb-4c0e-9cdb-830cc9a32526,Iste dolorum quam temporibus non officiis sapiente quasi.,5,2025-04-03 11:30:00
6e030156-9daa-499e-ba2f-4a3e8a7281ae,d3f5ba7d-a2ed-4e02-94ba-c35b76877ef8,restaurante,7d740fe1-faf7-474c-86b2-d440268d42ce,Quos nihil corporis incidunt veritatis laudantium.,5,2024-09-26 14:00:00
6950193a-7c18-4a53-94b5-9a852821f6bf,7045b51f-71e1-4195-b97f-3f967d092cab,orden,d04d3085-cf11-4a79-aee1-4537f48bb319,Fugit quaerat officiis.,1,2024-06-14 08:15:00
0f8ced7a-9f08-450b-b975-f3867801e402,d2b409b8-e05e-4c2d-a0a4-8f3a819a2a86,restaurante,a9fd6962-d8bd-4341-ae20-a3b8fe2efc9c,Unde et error quidem aperiam molestiae voluptas.,2,2025-03-31 14:00:00
3e0c260c-8db8-4169-b26a-f5ef0afb3190,bd5f026b-64b6-4536-ac61-55e10e2b7aa4,orden,1b33c08d-006e-4da0-b4d3-e8fe97ad8be5,Excepturi labore deserunt voluptas autem ratione sequi.,1,2024-09-01 02:00:00
f7b0bf95-5800-4b0f-82a6-7fb7acdabe4d,d2d607c9-8407-45c2-8084-a0635e77a847,orden,59d01e33-b2de-48c1-8ee8-d702f34e18d5,Velit quibusdam sint dolor enim ut.,4,2024-11-07 04:15:00
d06b14dc-f421-4694-9935-f55c1f4101e4,2868b2c8-3288-47e8-ac20-bbff92acdeec,restaurante,cc0dd6de-4a1d-4dd4-a6e8-6f2bbc33cc39,Rem explicabo delectus tempore.,5,2025-03-31 14:00:00
665e59c7-dc20-496c-8b0e-527b67a7604a,9915eca4-6eb0-4f0c-9daa-38fd9edb8f89,orden,57a88942-ac06-43db-9d5a-a6dafab7a1b4,Deleniti veritatis similique exercitationem exercitationem magni.,3,2024-07-25 04:00:00
b0447844-71ba-4e60-95b8-5d43c3677348,83babf86-bc2d-4977-99a4-ae328dc903d3,orden,d8df5c36-d57e-41dd-a43e-16863b4271a3,Eveniet suscipit consectetur repudiandae corporis consectetur.,1,2024-06-03 07:15:00
0cefa096-fa02-48ab-a3a7-c6f24001f1ea,2c3c749d-509d-4eb1-9d7c-fa26b7bd1c33,orden,c6509eb5-d63a-40bd-8cac-514645f3e2d6,Reiciendis aut quibusdam omnis.,3,2024-08-04 22:15:00
924a3e64-70bf-4e72-846c-5a76db110f78,5ce774f5-3abd-4185-9256-9a9021d7ac55,orden,daaa9c5b-1bf6-44f1-8928-65b16796bb11,Sapiente occaecati excepturi velit repellat.,2,2025-03-24 23:45:00
1ae8fc35-493a-441c-9543-faff2bb252b2,90c1f239-95e0-499e-a655-9281489895ba,orden,ce999ab1-1fa3-4808-8724-99c742b25224,Esse distinctio ab accusantium.,3,2024-06-05 13:00:00
024e58e8-ea61-489f-8736-c0a43de61826,fa29b0cc-dff5-41c7-ade5-e8009bb8fee2,orden,981b3b16-7185-4cb7-86ca-4368b20f5965,Expedita harum doloremque ratione sunt beatae ex sint.,4,2024-06-20 20:45:00
3852a956-b555-4268-9ae0-86da2c9af99c,2747be73-3b33-436a-b5a0-f58af220486a,orden,4b216a7a-8adc-4208-942d-088c79f103d1,Culpa doloremque doloribus.,5,2024-08-22 23:15:00
2dbaf1d1-f0a9-46a0-b0b9-045641766633,4f3923d0-b9cc-44e0-8730-7f2d77f007fb,orden,84ea7107-0820-44be-809c-e13e3516e535,Odit occaecati modi eaque laborum enim repellat ipsa.,4,2024-11-29 23:15:00
948edd2b-25a7-4bb5-b307-3b93e2fe31b3,6725c306-ae74-4330-a8d2-aeda3cc3f094,orden,60bff64c-3043-4207-89df-0588d439f499,Velit rem perspiciatis esse.,5,2024-10-13 16:30:00
c18f2a6b-231c-4d74-9f51-8555d12e7258,b5bf4a77-f5ed-47fb-a20f-6ff52ad3462b,restaurante,ce6e6fa0-0265-4d0e-99cc-32622c34c4e0,Dolorem ipsum recusandae impedit delectus impedit modi.,5,2024-07-13 20:30:00
51e631c3-e6f7-418e-94a1-f63139ad6b57,453c587a-094e-43f9-b300-b121149f2e16,restaurante,fb82a6ae-6c04-49da-9887-0fbe922c9f2a,Repellendus nisi dignissimos facilis.,3,2024-06-20 07:30:00
458b5a82-7b57-4017-9a78-e7380ef0c75a,7408a4e2-93d8-4149-8e97-f58d1a04b9c4,restaurante,0ae5a260-65b3-4217-9dc8-046559d9be2d,Ut iste corporis ut itaque cumque voluptas perspiciatis.,2,2024-09-03 16:30:00
bee20106-5c1c-4376-81e4-75e0cdb1e1be,fd92b64c-731e-40cc-9c31-56e5e98c5c63,orden,2907575f-6334-4d03-8ba7-744e4651b933,Repellat eum adipisci.,3,2024-07-25 12:15:00
c78f5190-8456-42d2-ba3b-2f99deaa8ac2,641b1db8-0ff4-4f56-a98d-5976b3311992,restaurante,1b11dd95-9e04-4800-a711-34c73cb00ed2,Magni aliquid consequuntur repellat alias.,4,2025-04-12 06:15:00
d67aaa6e-7d88-4a6c-8d16-3b1537d94bcf,9d734990-9c63-40da-bbf1-b5894fea2360,orden,f04ab974-d909-437e-b71d-f012645f78ba,Tempora veniam incidunt reprehenderit.,4,2024-06-24 12:30:00
2a10b885-0c93-4b2a-8a68-6519aaac82f3,ea1568ca-bb91-40d5-94f6-29bc2e3c6cfd,restaurante,48be63c7-8b79-4a6a-81ce-2f07fba9f4d6,Non omnis animi magni.,1,2024-07-17 06:30:00
2356019d-1d0c-496f-b1df-3e85a43f9be2,7cac6c98-a4c7-47af-8b76-9ba3f56f0349,orden,5891f413-3d5d-42b9-ad74-62a4538816dc,Ab sed necessitatibus hic error dolore sint.,4,2025-04-03 07:30:00
338c2a27-89bf-4af9-bd22-ab932d53b4e7,ea1568ca-bb91-40d5-94f6-29bc2e3c6cfd,restaurante,519c6235-12da-46f8-a2a0-23192edc51f6,Reiciendis beatae ad sed.,5,2025-01-30 08:30:00
30bbf14d-bffa-4e6f-be73-93ae7a510e27,aec3571d-62e6-4d0c-900a-efcfbe37b6f0,restaurante,24cbc91e-26ce-4118-9615-630cbeef9a9f,Mollitia blanditiis optio at.,5,2024-08-21 01:45:00
7eac7694-2fd1-4be7-a1cf-8443012c960d,79a4cf00-0012-42d4-9464-3f9b213583c9,orden,45c35f1b-d955-4299-91ec-a382d4e91b50,Voluptas est debitis possimus voluptas magni neque.,5,2024-10-12 01:15:00
9bb764c3-2488-407f-a948-35c70fe7813b,d2b409b8-e05e-4c2d-a0a4-8f3a819a2a86,restaurante,0f2cd6b6-2e65-4527-804d-4c1abe09fcb7,Recusandae voluptatem qui dolores itaque.,5,2025-04-11 18:15:00
6293ee22-a08f-4cba-9488-4a566ea69d01,17e87a3f-259a-4101-9a57-e1769e346d4e,orden,acc44ee7-0f72-4e8b-b6f9-dbf5cb80b67d,Optio vitae dignissimos velit nihil tenetur.,3,2025-01-29 23:30:00
92be267c-199d-4199-bb96-e616ed0ccb8d,9a08bff3-1cfb-4b10-933d-980c5623b5af,restaurante,6174a1e0-4a7c-4224-9cea-6a7ffbfe18ea,Excepturi laudantium quis atque.,3,2024-06-04 03:00:00
6bcc8337-53f3-4b74-852f-f9135864f5a4,39507950-b2b7-4cd3-854d-f06cec011a20,restaurante,ecf11b72-d07b-46fb-96dc-69d45c055f94,Autem hic doloribus autem cum debitis dolor quas.,1,2024-09-11 13:15:00
b7a622d9-ea59-4f01-8629-70edf48743f0,ad78fda4-3a7a-496e-8404-925b7df1f8a8,orden,38575289-029a-407c-ad59-b610356b8d81,Ducimus voluptate at quos laborum pariatur.,5,2024-12-03 22:45:00
61869560-4596-4314-859f-e0e1e3360970,f4c56bc2-dc28-4e2b-93a6-188cbb07b899,orden,b82540f2-33aa-4b83-b268-711d7dc95a90,Iure veniam magnam expedita blanditiis architecto iure facere.,5,2024-12-29 02:15:00
1a425cbe-71ff-4ba8-b023-e923d1c25b26,c6c37925-4175-4720-b498-c492ca294f80,orden,aa739a2b-1f45-4be6-a399-f7036ae29a66,Totam quam ab beatae cupiditate dolores non.,2,2025-04-09 23:00:00
d902280b-6755-44a1-9c76-fa9554da4dc9,4b4ff2e1-bae8-4735-894c-099d3e362887,orden,dab0fd79-9938-4dc3-bb3c-d52307117814,Ea nobis quae dolore similique commodi.,3,2025-03-01 10:30:00
1321e43d-140c-44ad-83c4-52471891bc31,1072aa71-55db-48f7-98f5-f922ac8ffcdc,restaurante,f19e52e1-d052-4127-9b00-67895f0c3fd2,Magni enim quam voluptates a beatae.,2,2024-12-03 07:30:00
0682b5dc-26fd-4269-9e94-668c9d2699f9,e0500b40-c45a-4532-9c59-910b0f3d09c2,restaurante,7d209538-831e-4608-ae37-85ebae181379,Corporis tempora sint corporis distinctio ex.,3,2024-09-29 08:15:00
d1713f3f-abaa-4930-9f05-6aac83d232e1,14799403-c023-4c97-af07-eb35cc0933b4,orden,dc988d68-64e1-4a64-b652-ffac0201e336,Rerum magnam in voluptatem laborum.,3,2025-01-19 05:00:00
cd6677d1-ec24-4892-b241-11f989300d35,aec3571d-62e6-4d0c-900a-efcfbe37b6f0,restaurante,c9869bfa-9ce6-4fe1-bed4-3fc3cd3d92e6,Odio iure iste possimus quia magni.,4,2024-10-25 12:30:00
38571310-627e-4039-a74a-10329846246c,ed28f0cb-126d-4015-b617-9ee9831a4932,orden,62d356ea-c932-456f-bebf-18f6e44f12f4,Ex assumenda fuga impedit voluptate quibusdam.,3,2024-07-08 19:15:00
8acdaf73-8fa0-45e0-a4e4-ec9095322b74,357ba3b4-cc00-4396-919d-4a37e0c30187,orden,9fa8a33e-d9eb-42bc-b1eb-9e504bf9fa54,Repellendus fugiat ratione id assumenda.,5,2025-01-30 22:15:00
6b484009-f71e-4e32-8080-3bd85c275629,7b00f6b1-6c36-4bfc-900a-e63a4a80437d,restaurante,01fc10f5-0cc6-45ea-a5ed-233c7a6d5c32,Possimus reiciendis facilis dicta commodi quas.,5,2025-03-17 14:15:00
ded18613-c674-4815-a7f3-ee5aed96f557,8141c368-8f9e-477c-aad3-18df3967d4db,orden,8abb56d4-7d7a-41f3-8e91-62875b05b3de,Voluptas impedit alias repellat.,1,2024-11-07 11:00:00
0b5969dd-8deb-4e38-9636-948ab7de46c0,7408a4e2-93d8-4149-8e97-f58d1a04b9c4,restaurante,27d612e4-bf03-45eb-8d9c-09f8ec0dcceb,Eius voluptates rerum maxime nisi.,1,2024-07-13 14:15:00
24f79df8-ace9-4f0d-b07f-622cc167c907,b5a90add-f997-4dad-9333-3b893e24c281,restaurante,46a97efb-086e-4311-82a7-5920c6797c54,Commodi aperiam soluta quo dolores earum eveniet maxime.,3,2025-01-20 19:00:00
7a02f321-7ff0-4c8f-a807-e27d0c19e080,641b1db8-0ff4-4f56-a98d-5976b3311992,restaurante,5b71ec1c-7cbd-4bdd-bcaa-3a0fe459c377,Nam amet cum a alias nemo aliquam.,2,2025-02-07 21:15:00
bf1af29f-5654-4b35-9f1a-2696b048b2fa,23b7571a-be04-4249-b02a-8e5752697ec7,orden,84af94f9-9752-4f83-80b5-2beffcc33246,Error suscipit pariatur labore voluptas.,4,2024-11-05 11:30:00
da291b82-10e7-47bd-aee0-2d368d41436b,eb8594b6-feae-46ea-b803-6b0c382b3494,orden,0291bd48-7dcc-428c-9fd8-2a070902d257,Laborum et incidunt facilis quis quisquam culpa.,1,2025-01-14 13:30:00
303fd64c-2830-4988-8098-cfa16864e05a,eaa49ee0-25ba-458a-aaec-96fc5df63289,orden,9822c96c-f690-44bf-886c-b400fb2e614e,Blanditiis nobis repudiandae optio rerum animi harum.,5,2024-08-23 08:30:00
38a6e53e-7824-47a6-a92a-f99ce6f0b813,1410bc05-b507-430b-bb1f-208716b92464,orden,afb6feb9-47f8-4aec-856f-2e6b3dc483d2,Eum accusantium beatae sit doloribus.,3,2025-01-20 19:15:00
1bdd0a21-778f-4335-90ef-061c0185d7d6,421d3a8c-32e3-4352-87cd-1e48c2520a4c,restaurante,27c5ab57-3c56-413f-b1ff-be5aca5ecc8b,Nisi harum esse voluptate unde amet.,2,2025-04-10 11:30:00
1febd5af-bb29-4632-8d95-617a37337191,39507950-b2b7-4cd3-854d-f06cec011a20,restaurante,4f36529c-2f0f-4c43-8e4f-8a46db63d4e4,Aut fugit facere quia laborum occaecati aliquam.,4,2024-07-17 15:30:00
e603dd82-13cb-4c9f-82fb-e9deda342fb5,39507950-b2b7-4cd3-854d-f06cec011a20,restaurante,30c25953-cb46-472a-99d7-b7b530b694e1,Optio quos voluptate iusto.,1,2024-11-04 15:00:00
d4214bd8-37f3-42a2-bf31-7ea54f0f67ce,be5735d7-0b10-434c-90db-7e0c560a8dc4,orden,b5ab7129-4e5a-457b-abea-fba75e363684,Commodi labore molestiae.,2,2024-11-22 17:45:00
90bd12c8-61cd-467b-939d-8d7c6e255d96,e0500b40-c45a-4532-9c59-910b0f3d09c2,restaurante,647d8e3d-8299-4e89-9c9f-8a34ebc16d72,Libero aliquid nesciunt impedit laudantium.,3,2024-08-13 06:45:00
68cb0698-fdcb-4608-8d1b-e94cbf93a216,2868b2c8-3288-47e8-ac20-bbff92acdeec,restaurante,01d1a67b-c4dc-40b4-96a8-7b98e84f939d,Libero molestias quaerat officiis porro vel.,2,2024-09-06 21:00:00
714c57e4-68e7-4072-b603-e94dd1aaffdc,db137620-89fd-4c0d-a769-e13af247518b,orden,c989f879-9148-4386-9bf3-8c27432b43bd,Hic amet nam amet.,1,2025-01-09 22:00:00
3c1c7638-5daf-4250-b44a-40d1ab4c5dd8,f7083f5a-7a6a-419b-8686-6f95ab293937,orden,ac993873-ad25-405a-83ec-5f101cbc2817,Debitis libero ut accusantium neque.,5,2025-03-11 06:00:00
19601832-12b0-43f7-a693-309fd3e297b0,5075f7de-b921-4b6f-9422-304ca0607b15,restaurante,e07a7a02-d249-4de1-b986-c97557340ed9,Repellendus labore alias similique expedita.,3,2024-06-28 05:30:00
3dcd30bc-3c33-4d73-9539-3bdd655201ff,8465f534-c9c2-442e-ad0b-6a52dae5c636,orden,95fc947e-0ebe-4a6d-b1f8-6773d1e0fff2,Maxime sequi deleniti voluptas.,4,2024-08-26 15:45:00
a48b4f2d-6897-4b01-8618-1e9b007e122d,5e339206-f9be-4117-bd18-4d80a25a1b23,restaurante,c4a9d6fc-cbf9-4756-8bc3-dfa6bda4591a,Aliquid iste temporibus minus eos officiis.,5,2025-03-19 00:15:00
fd94b871-1ca2-4274-ab17-0036d4bdb117,fd315413-4757-4f56-8c92-c321de95bf3e,restaurante,e70d6f89-034e-4682-bf16-0b40f9df7d06,Eaque exercitationem eligendi ipsa.,5,2024-08-17 12:45:00
0b5b392a-50f3-40a0-8003-573f15bdaa85,11f3963d-0a9b-40aa-8134-f3414a4b1890,restaurante,c929cb26-5c9d-43be-87ae-6df6ad0bcc97,Veniam explicabo sunt quis dolore.,1,2025-04-25 07:00:00
4308c950-93b4-4af5-ac19-5b9274db5dfd,c1f06cf6-02ff-484f-ae5e-c28962b4049d,orden,68237a6f-4fa3-4ea5-9d26-11051afa0384,Magni doloribus vel maxime.,1,2025-03-27 18:00:00
4205e570-3756-43fd-9c11-a317789f1e7e,3958a64a-3648-4024-9f4a-2105f11ca9ba,restaurante,389145d9-7ddd-4bdc-a6ed-678e519b0fda,Quod velit omnis.,4,2025-03-21 06:15:00
6e664a80-4ee2-48d4-95d1-cac2bd7eba37,bffaa73b-af4a-4c30-8e2d-a52a977266a8,orden,ebdddf2f-1fce-4008-a181-30a98125ac0b,Voluptatum eius possimus quo.,4,2025-01-01 09:15:00
dfa9ad7e-6eb1-4bfa-a5fe-480a39eb11c0,024549ed-9d7a-49da-b2c4-0e6ca64b3b2b,orden,9eb292d9-2161-48b7-8296-cd951cf91ac6,Totam eligendi quo perferendis.,2,2024-08-06 13:00:00
1f4ea3c7-9d72-49e0-af2b-1ab3c38f0966,fcbec341-cdcb-43d1-bed9-50644dc4889c,orden,a746be9d-6cc9-4078-b65d-e267b0842bbb,Ab dicta animi aperiam nesciunt earum illo.,4,2025-03-20 13:00:00
4523a232-05f7-4395-bcc3-8c7bdb9c4048,5a46f79e-8ca5-4666-9268-bd7b4eb3ddd5,orden,21db4900-03e9-4975-8a78-dfd316b3fec3,Rerum consequatur laudantium ut.,5,2025-02-14 02:00:00
31a95630-f5ea-4eb6-9f0a-23c24aaec103,98599e74-bb85-4153-bffe-2d1e3c643e3f,orden,90d1b54a-cd54-43a2-8db3-3063d5daf80f,Eaque ipsa explicabo officiis perspiciatis impedit.,3,2024-11-07 04:15:00
fefc6c53-62c1-4fdd-9e97-333e0fe574f4,eac2a31c-6d3d-47c3-8f49-cf16a4c9ff9e,orden,6a40a6c3-9ac3-4572-97aa-df4f493fd01c,Laudantium amet odio magnam.,2,2024-10-15 19:15:00
26ec0a8b-9c97-45ab-a6e6-efc2f8e35d05,7b00f6b1-6c36-4bfc-900a-e63a4a80437d,restaurante,e07a7a02-d249-4de1-b986-c97557340ed9,Optio iste non quod ut earum fugiat.,1,2025-01-03 04:45:00
62c69950-2364-4bad-9283-78ab0d89fc45,576c5fe7-62f9-4a20-8a88-e428af0f15ba,orden,2500b251-f6b3-43a0-9bb5-2152c0a99c67,Corporis tenetur assumenda exercitationem.,1,2024-05-31 06:45:00
d16b5d6a-a42f-49ba-9a78-2466f8b1c7a2,d7ecca77-12cf-49af-9178-bfb73002016e,restaurante,f3e969e5-6a06-4581-aca8-cef50a256d83,Officia saepe eveniet sit repellat.,4,2025-02-02 09:30:00
49951d3a-a868-4bbc-b7c0-2a2216c1e1ad,42770909-9b94-47aa-a84f-831f28eaa8e4,restaurante,e6d28ae4-5d91-4c9b-93bd-20c258c15441,Unde rem quod blanditiis aspernatur veritatis laboriosam.,1,2025-03-16 18:00:00
dc10b457-66cc-4024-bcaa-dde0a5a0a655,2adabb90-0571-43ae-9a2f-4eac434cfdf9,orden,1dc360fd-831b-4169-a7f0-65384fc55afb,Quasi totam iste reiciendis.,1,2025-02-27 07:30:00
2c30d4fc-4276-4f10-92d2-5fe9b89dfa98,a1bfc742-2e0f-460a-a1c3-95894c3fa7ec,orden,4aec5906-0257-438d-a521-cf13e20a5458,Aspernatur molestiae temporibus repudiandae.,1,2025-04-21 13:30:00
695c5e02-17c4-4bdc-ac53-94135a3ac05f,7408a4e2-93d8-4149-8e97-f58d1a04b9c4,restaurante,247eb99e-e8ae-457a-bdef-875a95f794d2,Praesentium beatae iure sequi ipsam laborum praesentium.,5,2025-03-01 16:00:00
82b3bb86-d5f6-4e80-82b9-f75645c88c24,c9c8f652-a2da-406f-a047-d5ed00023a4a,orden,5188e214-a309-4095-89e2-c204b8d122c8,Asperiores consequatur unde.,3,2024-05-12 06:00:00
68cb9560-2369-4530-80fa-c7769ee02452,f034d19a-2581-42b3-8078-49fa14c4dfa0,orden,863edc7e-f141-48b7-a073-6725576c8423,Voluptates libero eaque delectus vel deleniti cum neque.,2,2024-10-27 08:45:00
136862f6-d343-4047-aa38-14c242774826,fa6120ae-d70d-437a-abb5-1ba919e74d5f,orden,4e150ab9-6e95-4789-92c7-8b18cda50c28,Corporis maiores minus vel sapiente eius officia enim.,4,2024-08-02 14:45:00
d7516ba6-f129-412c-b5f4-51ea3703deb9,7e7da564-9f8e-4506-97ec-d50006ff3d90,restaurante,8c5904ca-4874-4579-ba42-52914dafe21e,Minus nihil neque.,3,2024-10-31 13:30:00
27e81695-ba8c-4c38-9826-b31765382ab3,7408a4e2-93d8-4149-8e97-f58d1a04b9c4,restaurante,d1797da5-cdb5-4fbd-9ba8-b3cd3d94b36f,Dicta quae culpa aut aspernatur exercitationem dicta.,1,2024-12-24 12:00:00
6e1652c7-53fb-44b5-a62c-ace156d2aa19,b3d3d5e6-8170-4366-95bc-6b08460e0985,restaurante,ccff0f67-92f2-4e52-9ae4-01c7ecfe8544,Dolor cupiditate natus cum quas.,1,2024-09-26 21:45:00
d1de206a-617e-4411-8dd2-ef2f1f49de19,dcf2d9a5-7f22-44bf-8228-97f57d38429f,restaurante,f9c8b9c6-e868-4f40-8452-1259a467689d,Corrupti illo ullam doloremque.,5,2024-06-15 05:30:00
35dbd662-47bf-499d-b31e-1f1abb10a778,093edfc5-491e-4b43-a22c-3046cd58c939,orden,624f85d5-2ccf-45fa-9d24-1a52ba6962ad,Sed impedit hic necessitatibus.,5,2024-09-29 03:45:00
ebf948ac-9295-4fb3-b2b3-b3e523786280,6baded74-4af8-47cf-acf6-4e307d3ad753,orden,8e8612ee-793b-4dc3-9863-e5ec0a1d1c49,Quo blanditiis nemo molestiae saepe assumenda.,2,2025-03-02 21:15:00
ccc2a734-a98c-414a-abd7-6eb055ce2aa5,96e385b5-44bc-4f75-9fb4-606cfe205873,restaurante,f5c1918e-6962-4447-b66f-8387e7f21ecf,Et dolores fuga alias suscipit.,3,2024-11-09 20:15:00
be7fed2f-a74a-4737-a8f5-34e95c9ef358,421d3a8c-32e3-4352-87cd-1e48c2520a4c,restaurante,875d591e-170e-4b42-b0ef-a409ac5140ad,Laborum dolor sed ab veritatis ab.,1,2024-09-11 04:45:00
d2eb677f-3e8f-48cb-9e2f-0220441098ee,f97c94d9-f87c-49a8-bbdb-06ce4cc1d9bd,restaurante,c465d8c1-341c-4d3b-9c2a-d68672629c18,Voluptatem unde repudiandae ipsam corrupti vitae officiis.,4,2025-02-05 06:00:00
ef596886-3a14-417e-a4f3-664f1b47b42c,3402ebfa-89d3-4983-a522-30361859b417,orden,0ae5a260-65b3-4217-9dc8-046559d9be2d,Nemo corporis temporibus magnam.,2,2025-04-05 11:00:00
9011619d-4ca0-4ec2-9707-4f353b2b4fe1,7408a4e2-93d8-4149-8e97-f58d1a04b9c4,restaurante,dab0fd79-9938-4dc3-bb3c-d52307117814,Quas est fugit vero delectus placeat asperiores.,2,2024-12-11 01:15:00
675a9b99-9876-4320-942a-7d5de1d75ced,a87e94ab-7f46-4dac-ad98-4a7bda1e0f3d,orden,398287e7-cea8-495a-8a53-4e92573f31f9,Tempora cumque maxime dignissimos officiis tenetur dignissimos natus.,2,2024-09-24 19:00:00
543db6bc-e936-4b2c-979f-ec6b38eae294,3aff2541-3857-4cce-8c7d-fde9f4a5e535,orden,847ab1fe-89a9-470e-a646-60417b3368e6,Illum voluptatum rem at dolorum ut sunt.,4,2024-12-11 17:00:00
d13abbc4-aba7-46c1-b6c8-6779102bbe21,7cf6f4e3-3cc0-4c0b-9fe7-edf277f53606,restaurante,a746be9d-6cc9-4078-b65d-e267b0842bbb,Repellendus sint natus nam incidunt eos eum.,3,2025-02-23 03:45:00
e5fea53a-7a4a-47da-a5d5-19c84f1d2030,772fb8fc-1bdb-4ccb-b812-e10088890597,orden,da33492f-f031-42b9-9f37-28d6f9b050de,Fugiat cupiditate ipsa molestiae ex veritatis accusamus suscipit.,5,2025-04-19 11:30:00
1086d387-3a94-4b81-a5a0-e67bd4855ae7,d2b409b8-e05e-4c2d-a0a4-8f3a819a2a86,restaurante,1d4c6315-9d6d-4157-86a2-8fb286fd4e2c,Delectus pariatur corrupti asperiores hic totam corporis.,5,2024-05-17 15:45:00
d2724294-7353-4082-a204-2d3de5f1561a,7045b51f-71e1-4195-b97f-3f967d092cab,orden,26cc400e-b3aa-4bb8-8ad1-d928726be810,Fuga necessitatibus excepturi deserunt reprehenderit.,4,2025-02-17 08:45:00
85acaf7c-7fb9-4df8-990d-e9ceb875d753,9a9a67c0-ab05-4fd6-abf9-83976245d5a3,orden,84a802b2-4158-4807-9c6e-772f8eeeb409,Cum ex facilis facere perspiciatis aliquam voluptas.,5,2024-12-03 23:30:00
a5cc3dbb-cd19-4e2e-b7b9-a997d5688eea,a5c29294-2fe1-4331-9239-31397bc5fd44,orden,2ec7fc37-ec74-4ac9-82cd-e25b9b5e15cc,Magnam nostrum consectetur dolores dolorum.,5,2024-10-29 21:45:00
0c47f01e-a664-4c09-8d45-2b2c497fde7f,fd92b64c-731e-40cc-9c31-56e5e98c5c63,orden,ff28c7db-e479-430c-82a6-72af2c539fd4,Maiores alias repellat quae ipsam ipsa.,5,2024-08-03 10:15:00
55bbfa93-9e13-4c81-a350-490d8e157b68,afc1bd54-c4ed-4a60-bea4-df6981ef2728,orden,cc0dd6de-4a1d-4dd4-a6e8-6f2bbc33cc39,Perspiciatis autem laudantium atque eum pariatur.,1,2024-12-28 22:15:00
ce49e96e-dfc1-456a-95c6-d3f46cb4bbf4,6c442206-ce82-4bcc-92da-f1539b2ea16f,orden,0a027433-faa7-420c-b009-8b8a98bf5999,Error neque quis itaque eaque vitae.,1,2024-08-26 04:15:00
1642a006-16a2-4000-89bb-3ada117a13c3,dcf2d9a5-7f22-44bf-8228-97f57d38429f,restaurante,206105a6-ecaa-4edc-98e0-4618f79e3438,Enim labore ipsum esse at ipsum quis.,4,2024-10-05 11:45:00
235026c1-a9cb-420b-a7c5-675a25884e4c,06abc9d6-f7f9-48ba-90ae-81c4dd6ea198,orden,0d61e199-d230-42fc-9e87-e6bfd1de8fcf,Pariatur perspiciatis voluptatibus ipsum dolorem ab itaque.,2,2024-08-08 02:00:00
410fca0a-3d2b-4e25-b06c-935b02a1be03,a292fa58-b97d-47bc-8981-ea59fe94f71e,orden,759f1452-3348-49ce-8d3a-ce2181e3b52f,Aut deserunt soluta nulla quis.,5,2025-04-18 11:45:00
33db95e5-63d1-437f-b7a7-9d1e659ac25b,5074bb6e-cbf1-4e9c-9b2d-92243cdaa263,restaurante,7d892d2b-f468-4a0f-a5a8-4ca30d427e35,Iste maiores possimus distinctio.,1,2024-05-30 19:30:00
61f63da8-728f-4638-8da1-f1b87473533d,dcf2d9a5-7f22-44bf-8228-97f57d38429f,restaurante,b82e2a14-01bc-4a44-affc-cd8488f33543,Numquam reiciendis consectetur quod sint totam esse.,5,2025-03-12 12:45:00
84890c62-02c9-4100-bfdc-5269de80674f,8af065b6-670b-4a07-9541-c06257e028c9,orden,fd336809-405b-4255-be3e-7b34233110fd,Doloribus tempora odit numquam eligendi.,1,2025-01-29 16:15:00
c339d70d-3ec3-4844-8056-be05b242a585,4496b984-900a-4498-a80c-29c2ab0ca251,orden,7918790f-4ec4-4b05-ae72-4f2b5346d57d,Sit natus nisi tempora laborum accusamus eligendi inventore.,4,2025-03-20 04:15:00
20dd2361-3aa0-4ce9-b3fa-b4088fc7c10f,5a4ffc5d-dc88-4260-96d6-7874d8753b9c,orden,111476ef-a77c-4908-8ed4-b843b7d898ed,Corrupti ducimus porro nostrum iure nemo repellat.,2,2024-12-17 15:00:00
2158dbd5-f756-444b-9ffc-0928c792c16d,fa9892fa-f13c-4cd3-8dec-ec745cb2eac5,restaurante,bcd3a9ae-7eaf-4409-8a0e-690dd0ddbc96,Nulla nostrum alias minima beatae.,5,2025-03-10 03:45:00
45b920d4-b05e-474f-90f8-ca8ec21f90a0,27c3098a-e778-456c-bce5-7f4526774bff,orden,17bd7264-d196-4fee-bf10-8c9f565e921c,Sunt est beatae.,3,2024-11-14 19:00:00
e3ecee37-0c44-4710-b8a3-b15fabb16195,e0d0ec8f-7e7c-4e2c-95f5-f52789af2bf3,orden,dae6285d-fd49-4aaa-99d6-a327295ab8c7,Nesciunt voluptatibus earum expedita occaecati qui.,1,2024-05-24 06:00:00
f765298c-f06c-40a1-96dc-82cc1fdf3bad,aec3571d-62e6-4d0c-900a-efcfbe37b6f0,restaurante,cd2fd29c-5faf-4852-8180-9a469cc45773,Ducimus quam repudiandae hic velit saepe.,3,2024-09-08 17:30:00
38c38874-6ad1-4ffe-9e44-9ed6976e2814,b5a90add-f997-4dad-9333-3b893e24c281,restaurante,603e1681-423e-4d3b-afd8-f9eb4459e1e4,Ratione eligendi inventore sint quaerat.,2,2024-08-09 19:30:00
37b98376-2de3-4387-9ab3-e22a5e8839a9,790066ae-d4f8-4872-9be4-cb5348fa7009,orden,f6eea67a-0997-4220-8a3a-600c4b4eed36,Alias incidunt at perspiciatis omnis voluptatum.,1,2025-04-23 06:45:00
fcefe7cd-b32a-4db6-a498-62e13791593d,b41a51dd-485f-49c4-9e99-a30df342d8fa,orden,daaa9c5b-1bf6-44f1-8928-65b16796bb11,Quas veniam assumenda eligendi.,4,2025-03-14 09:30:00
d1877efb-5757-401c-87f1-36dbf7b2862e,f7083f5a-7a6a-419b-8686-6f95ab293937,orden,0d30bf70-2ead-4442-bf27-4140fcd5b6ad,Dolor tenetur excepturi minus.,1,2025-04-25 12:00:00
3212f659-3fb0-4356-bdca-ab04863e4fcd,2dee7331-b15b-4909-a738-6989219bff8d,orden,c9d3fea4-c909-4cbe-a7b0-42c27ae348f5,Labore molestias tenetur ex iste perferendis aliquam expedita.,5,2024-12-04 22:45:00
ccef903c-87c0-4a18-bef3-04d61031e236,5e339206-f9be-4117-bd18-4d80a25a1b23,restaurante,6918241b-9e13-494d-94aa-06c575f41013,Magnam quas explicabo minus.,3,2024-05-16 18:30:00
372ddd69-a9f7-410f-a228-57ce11127d80,d7ecca77-12cf-49af-9178-bfb73002016e,restaurante,ed5fe09c-51a0-4cae-b693-b1fa780ce981,Ea assumenda sint dicta vero.,5,2024-12-10 22:30:00
b32a5d24-06e3-48f9-9d76-8c78bc1797fe,e2107a87-8dfc-4ee3-b625-2fdb1772a882,orden,687655b6-2d9a-48cd-9d3a-160763caf6bc,Totam accusantium ut nam veniam quidem earum a.,4,2024-08-03 15:15:00
7e105bd3-29df-4c2d-a46b-843629aca253,90603a8f-1c77-4df7-9f90-2b9b090b8d26,restaurante,d8df5c36-d57e-41dd-a43e-16863b4271a3,Illum neque maiores nulla.,4,2024-11-21 23:45:00
49997af1-163c-408b-8686-7a723acf6191,6e6ae2d7-8356-4f53-93ff-023ce15ddc29,orden,20d1fd63-6036-41a8-b53a-412b9e0e00cc,Eum at suscipit consequuntur.,5,2025-02-24 13:15:00
e23ea7ee-ece8-460c-b43c-31b7ecd54e24,772fb8fc-1bdb-4ccb-b812-e10088890597,orden,b6095f8c-4154-47a1-8771-09b497a1eb8f,Autem illum ipsa aspernatur laborum iure.,5,2024-09-27 12:30:00
904eea85-0485-4e82-a77a-7899a58af0bf,2868b2c8-3288-47e8-ac20-bbff92acdeec,restaurante,f4ba5605-aff6-4224-8fae-084d325000ef,Quasi occaecati laboriosam.,3,2024-11-11 01:45:00
a42a2491-3aa2-4cd7-a147-0153ed57d91a,67747616-0aea-4292-8edc-334f61cca217,restaurante,15dee954-4527-41a9-940a-2663f0ad9ac3,Ad atque esse magni itaque.,1,2024-11-03 03:00:00
b533ab8f-fb52-43f1-88d6-86b40acddb90,78789d90-e703-4fc6-ab54-8323e8a5433a,orden,09b01ba6-4529-4312-b548-e5a8d72391f1,Eligendi corporis accusamus cupiditate hic reprehenderit quo.,3,2024-05-25 00:45:00
60f1a683-4691-46e4-b7b7-d531d0e7ffa2,7725f871-5007-4729-8629-5c3741dbc537,orden,4f36529c-2f0f-4c43-8e4f-8a46db63d4e4,Consectetur beatae quidem autem eos ullam.,1,2024-09-28 04:00:00
181378e6-b5f1-4d5a-81a1-369e214d28b0,7408a4e2-93d8-4149-8e97-f58d1a04b9c4,restaurante,f1029179-e9d6-4e28-bd45-eaa6ce70eb16,Quia nobis cupiditate doloremque a.,2,2024-06-15 15:00:00
9230c965-3849-4ed8-a29a-62cd18bf9aa7,750c2ea8-ace7-452d-a091-57de2e42e03e,orden,b5ab7129-4e5a-457b-abea-fba75e363684,Ipsa repellendus libero perferendis magnam.,5,2024-05-12 17:00:00
0394fe30-c641-41b3-a8cc-aee3e6499c4f,0a685dc4-e975-4d54-a8ca-dde068140a80,restaurante,813f5391-97f5-46f8-9812-176f943265be,Praesentium repudiandae fugit optio et corporis.,3,2024-09-12 23:15:00
72d33107-59f9-40bc-8fd3-70e7b78762a7,9e1b0f7c-d376-400b-b3fa-f594dd6c4e9a,restaurante,22587270-13e6-449f-8728-5540939b9e01,Cupiditate architecto veniam laboriosam aliquam sapiente alias quo.,4,2024-07-16 01:45:00
75f46706-cd2a-4fc4-acf1-a75a84b9b76d,15962fe0-b996-40ac-b21b-e22cf259d441,restaurante,7d892d2b-f468-4a0f-a5a8-4ca30d427e35,Ex minus repudiandae eaque labore magnam atque.,3,2024-12-10 13:00:00
0fc3ce3f-5e0f-4a4a-89a4-18be52633eec,ea1568ca-bb91-40d5-94f6-29bc2e3c6cfd,restaurante,16d998d3-2a50-49b1-a7e2-e02a9a573c9d,Officia alias architecto laborum aspernatur.,1,2024-08-23 07:00:00
b5fe465b-2c39-43fc-8e7a-3e125c7c424d,e6e9c831-4130-41e8-a89c-ca7f2ace92bd,restaurante,64295097-809d-4227-95ed-7745fed34315,Excepturi similique libero quos pariatur aperiam doloremque.,5,2025-04-12 15:15:00
e1e93aa6-8bcf-40a8-98e8-b6b8c070466b,0a685dc4-e975-4d54-a8ca-dde068140a80,restaurante,624f85d5-2ccf-45fa-9d24-1a52ba6962ad,Ducimus error labore fuga minima.,5,2025-02-13 04:00:00
510c7b7b-82ee-441e-9e93-0888f81fb23f,96e385b5-44bc-4f75-9fb4-606cfe205873,restaurante,92973aca-e06a-48b1-bcce-0750f6541cbb,Error eaque molestias velit.,1,2024-05-30 11:00:00
81d0c992-78ea-4f39-9ca0-17a1cc47bcb8,fa9892fa-f13c-4cd3-8dec-ec745cb2eac5,restaurante,6fe48a27-39b6-4ef6-a255-45572970d836,Corrupti et repudiandae.,3,2024-11-29 03:45:00
fbcce349-d59d-4a2d-a139-290906f86101,69168234-1c5a-4612-89b9-22c298ed07ae,restaurante,ad60a584-0c13-43ed-8564-9dca918a9afe,Illum odit nesciunt corporis.,1,2025-04-17 13:30:00
b73316a2-ed0a-4223-83fc-2dbb36537702,4de3d63b-3ee9-441a-a641-e472dcfd9f39,orden,c06b9369-d99e-418e-9b18-7f8de5348b81,Delectus placeat nemo fuga nisi accusantium.,1,2024-08-26 11:45:00
e24d5511-f527-4071-bdd6-01a3160917e7,9a08bff3-1cfb-4b10-933d-980c5623b5af,restaurante,0b70d399-ef97-433a-87d9-24321c15e2ab,Praesentium error officiis aliquid aspernatur.,1,2025-04-15 21:00:00
1894f69d-585e-4963-822f-3a4af8701006,360a8b6f-f2d6-4e31-8565-355b848e6b4a,orden,04e8c7b9-0ed4-4ab8-bb17-58d2c052f5dc,Architecto numquam suscipit.,1,2024-09-24 18:45:00
7e0253b2-b251-4150-94b8-50d7faa60680,356db916-7241-4da4-8419-a310f5ce4665,orden,54288b46-462f-44eb-8a39-39399c8925b7,Alias temporibus iure qui eligendi.,2,2024-06-29 12:15:00
3b965bb1-96f5-489d-8067-36bbbd7e31aa,8c2f8435-21c3-41b8-a000-8cbb2e8ef2a6,orden,a54ba29c-a8e7-4cae-bd06-5133d110fbb5,Nesciunt ea molestiae corrupti dolorum iure possimus.,3,2025-04-27 16:00:00
a3389d44-9730-4cb5-940a-6a230e177fee,81c3209b-395c-4395-b443-b65464f69fd6,orden,d87cc97a-2099-44bf-bfbb-5db97635b256,Vero rerum molestiae consectetur ducimus repellat.,2,2024-05-28 05:30:00
a9a49700-83cd-4458-9b1e-cbb137d53530,e00d241d-c2dc-46dd-ac97-97ca3e40056e,orden,ecca5d81-9402-4b4e-afc6-01bb7401a24a,Necessitatibus esse cupiditate veniam.,5,2024-11-27 17:15:00
68ee2d95-3df8-4b12-80d9-14d1210db5d1,421d3a8c-32e3-4352-87cd-1e48c2520a4c,restaurante,3e880f1d-9440-4bba-827e-2e623a7a5e13,Placeat nulla libero.,5,2024-10-17 23:30:00
502ef212-51a0-492c-b616-16ae6bd8e5d9,730b33d0-d9a0-4398-a2b3-f74f443aab30,orden,c767eaa9-b6b7-48e0-963f-8f9e7900850d,Animi neque delectus adipisci fuga.,4,2025-01-27 09:00:00
c42b24ac-8955-45a1-aa73-11724db2373c,11f3963d-0a9b-40aa-8134-f3414a4b1890,restaurante,e353eb64-59e4-4b13-bcd9-34fc9265915e,Itaque ratione alias quaerat.,1,2025-01-13 13:00:00
d2ad0d61-b568-4196-9157-6cfab46ab6e9,546afa7e-ebac-4c9e-b298-becf456c3c3e,restaurante,5fe7327d-c68a-4a01-9b11-9467b2019976,Aliquid omnis quia modi id debitis.,3,2024-11-22 02:00:00
32ea665f-adc8-4726-bcc7-1a9591e3ab39,67747616-0aea-4292-8edc-334f61cca217,restaurante,e91ea890-bff0-4e9d-b2a7-f36822139067,Ullam commodi dicta doloribus sunt delectus veniam.,3,2025-01-01 06:30:00
bf5743d8-d543-4383-ba1d-cbbdf6b7fca0,641b1db8-0ff4-4f56-a98d-5976b3311992,restaurante,eedc5521-8209-48c8-8dca-d2745c7258d8,Quasi fugit id rerum.,2,2025-04-22 21:15:00
c04f481f-5a5a-4cd2-aee4-cba1bd8a6e6d,9a08bff3-1cfb-4b10-933d-980c5623b5af,restaurante,cdf59b88-ba99-421d-a096-9467b80540b0,Atque nesciunt nostrum quo porro eum minus.,3,2024-05-16 22:30:00
25f3d24d-816c-48fa-8009-dc2b1e27dc01,093edfc5-491e-4b43-a22c-3046cd58c939,orden,f4ba5605-aff6-4224-8fae-084d325000ef,Illo possimus aut veniam doloremque unde.,2,2024-08-15 14:15:00
bd8b5fdd-c3ed-4abb-b400-bdee398b2eb2,d02524b3-fec5-475a-8893-8294ba269585,orden,c023f92a-af8a-41f8-84ed-226f7747569d,Cupiditate quae hic suscipit magnam libero.,2,2025-01-11 12:30:00
297f918c-7246-4983-ad60-905f783933d1,48d2a674-5f4d-4dc4-9e47-17167d98ebcd,orden,d673c7b2-70a9-449a-9072-3f6e882f1747,Laborum facere nisi quidem ad harum.,5,2024-05-04 08:45:00
e7a0686f-3c84-4de9-923a-7739cf36d551,024549ed-9d7a-49da-b2c4-0e6ca64b3b2b,orden,24cbc91e-26ce-4118-9615-630cbeef9a9f,Consequuntur nostrum at quaerat aliquam ut placeat.,2,2024-11-13 03:30:00
e0aafe3a-3816-4e69-a87d-a8af5812fc78,d8bd3f24-2654-4548-ab54-34d921f8fa5c,orden,5188e214-a309-4095-89e2-c204b8d122c8,Omnis rem doloremque laborum fugiat dolores laborum.,1,2024-07-28 23:30:00
5467d455-64f5-4858-8af4-4ca67133c126,487fad7c-9149-417e-9334-c6701f81d4b0,orden,3c3f6e72-881b-43dc-9a81-759a43d0cde2,Excepturi similique dignissimos eveniet maiores suscipit facere.,4,2024-09-09 05:45:00
d8557728-d968-4200-88e8-af38f3d877d0,295d8818-fe5a-40d6-b108-f123e715b74f,restaurante,cefed951-3ef8-4e2e-95f5-4559b5d0f34c,Molestiae tempore cum quibusdam sequi sint.,4,2024-10-10 03:15:00
bbd7242f-3d15-4c53-9c18-79b57d555567,7b00f6b1-6c36-4bfc-900a-e63a4a80437d,restaurante,d8df5c36-d57e-41dd-a43e-16863b4271a3,Quae ea harum placeat natus qui in dolor.,5,2024-05-21 13:30:00
bfc53fb0-92ce-491e-847e-26e8ad45735f,b5a90add-f997-4dad-9333-3b893e24c281,restaurante,66ff808c-d9d5-4c13-91f1-32c987e3c632,Perferendis vel officiis provident sed necessitatibus temporibus natus.,4,2024-05-21 10:15:00
dfb3a7aa-0f7b-4cc9-99e1-966067c50118,488d151b-d82f-4afa-b1af-ba9649a9cc75,orden,6deee185-98d5-427c-8b03-a2db8db900b8,Neque a corrupti quae aut officiis doloremque eius.,4,2025-04-04 23:15:00
e5914437-14b7-4b59-a174-ce239e0052af,5075f7de-b921-4b6f-9422-304ca0607b15,restaurante,da4f8809-2035-439c-9e21-207a36b4c136,Similique nesciunt porro consequatur dolore magni.,5,2024-12-24 03:30:00
c7aff558-6249-4fc4-9a02-76461a27512c,04f96d77-72d1-49ef-955a-050f476f607e,orden,06ed9415-2f50-4c5f-b571-7b3cb5776e5a,Veniam perferendis magni ex sequi eius.,1,2025-02-01 09:30:00
a913f374-6580-48cf-8cda-26093c3f9f3e,aec3571d-62e6-4d0c-900a-efcfbe37b6f0,restaurante,62d356ea-c932-456f-bebf-18f6e44f12f4,Nisi quas quidem perferendis tempora a.,3,2024-12-25 18:45:00
4fff1056-81cb-45aa-ad4d-35308b505037,f303deb5-f4cf-4cd0-85d1-d5546529d8a5,orden,18f88c9d-edf2-47f8-8ed4-6358d7692374,Labore nobis eveniet vero cupiditate earum nulla.,5,2024-11-21 15:30:00
51e0c0f6-03e4-4da0-95cc-df2973cec8ef,10fc50c1-e607-4519-88f2-4346462811a7,orden,c0d04678-b1d6-4106-9a38-8ab87e37a443,Assumenda voluptatum amet dolorum cumque.,2,2024-12-16 21:45:00
ae66f762-b7fd-4da7-981e-c83fab92b958,97805341-6f3d-4c99-813b-94da786285f5,orden,78232ef0-110d-407f-8334-1e78ffc861c4,Placeat animi ea provident perspiciatis.,3,2025-02-18 13:30:00
e628cd80-98bc-4ac6-8373-7a4e72182f3f,5074bb6e-cbf1-4e9c-9b2d-92243cdaa263,restaurante,d8d45526-f8a2-462e-94a6-25f61d7e9b4b,Quaerat unde tempora dignissimos non excepturi.,3,2024-12-17 17:30:00
b361b0ba-2769-4fbf-93a6-510f225b7997,546afa7e-ebac-4c9e-b298-becf456c3c3e,restaurante,4f85ab7b-ea19-4a68-9a58-cde70384be14,Occaecati nulla accusamus tempora et.,3,2024-05-28 02:45:00
5e163c0c-3064-43a9-88b1-20b03f4001e6,7cf6f4e3-3cc0-4c0b-9fe7-edf277f53606,restaurante,a08eb69d-ebb4-40df-b1fe-94c20a221e49,Quisquam autem incidunt.,3,2024-06-04 04:45:00
dbc9213c-b63a-4edb-96f6-9d2e95095a67,1072aa71-55db-48f7-98f5-f922ac8ffcdc,restaurante,bc11ac14-5ba9-4c10-bdf1-b625c2c4442f,Consequatur delectus quisquam laboriosam soluta.,4,2024-09-13 02:30:00
affe2f62-6c49-4607-aa90-dbea2864d861,759ee2ad-9d84-4080-9a85-d435b01bc1a8,orden,3097c593-04c7-4105-8b6d-ae3e4b5d1c23,Tenetur similique rerum numquam consequatur autem.,5,2024-10-31 23:00:00
528d8e2c-47d9-4fe2-9d12-b2f084a4463d,1a48732a-c81c-46ab-a589-0b8ccfb02fb7,orden,2ec7fc37-ec74-4ac9-82cd-e25b9b5e15cc,Perferendis quasi ipsa alias eos.,4,2024-09-25 18:15:00
9c23554a-c58b-4164-be6c-38f7cf0c95e0,f4c56bc2-dc28-4e2b-93a6-188cbb07b899,orden,64295097-809d-4227-95ed-7745fed34315,Impedit sed temporibus iure corporis ex quae.,2,2024-09-24 04:00:00
d1bcdd61-3dca-42bf-b14c-24af1b2b21d5,295d8818-fe5a-40d6-b108-f123e715b74f,restaurante,8b6f1115-e892-46d4-866e-76eb49d6a5b9,Minima quidem consequuntur culpa ut iusto commodi.,5,2025-04-27 15:30:00
9a6ab7f3-18a6-44ca-aa36-7c58d4717273,e00d241d-c2dc-46dd-ac97-97ca3e40056e,orden,574adbed-5024-40d4-928b-2f87a510c8d2,Voluptatibus nemo maiores.,2,2025-02-26 16:15:00
0d0daec9-39d9-44bf-9c5d-1dee3369b923,f97c94d9-f87c-49a8-bbdb-06ce4cc1d9bd,restaurante,5884dd31-405d-421a-86fa-8861cdb14864,Autem autem quas maiores ea quos ad aut.,4,2024-07-06 06:15:00
333790f5-317c-46e6-be62-874669332a3a,39507950-b2b7-4cd3-854d-f06cec011a20,restaurante,26cc400e-b3aa-4bb8-8ad1-d928726be810,Nisi molestiae ullam similique repudiandae tempore in.,1,2024-07-08 17:30:00
c203dea9-faf4-4c6f-9906-a131611edb06,9770d8fb-2dda-40b7-9cfc-8f6d5759e926,orden,9a22350f-db47-4f37-82a1-35343db5af76,Laudantium tempora vitae minus ut magnam.,4,2024-07-04 20:30:00
b4337a8c-5d2a-4827-abd5-cc2ef844650a,efe3a217-a047-4f3b-84c6-9db71a88c847,restaurante,377b7fa2-fcb7-4a4e-af5e-a179f5273f01,Quia illo sapiente.,4,2025-04-25 16:45:00
aa4dd93f-54b0-4f63-8ab6-cec6f6322ba7,b5bca73c-d939-445b-8699-8854d748d314,orden,6c321920-574b-4f92-8161-845e6b8b9510,Fugit dolorum iure.,4,2025-03-13 14:45:00
87ed7998-1913-481e-a986-530a8cdf8f5a,743c7c2f-da85-4242-9e1d-bb292b7d0bc3,orden,0f2cd6b6-2e65-4527-804d-4c1abe09fcb7,Odio cupiditate tempora totam ratione deserunt.,3,2024-11-16 18:15:00
467719ec-223f-4d5b-8b82-1cbe043242f9,4f8c2a5f-6dc5-4d74-b33c-7a3027253a4c,orden,08c9c757-4b35-4bdb-952b-ef33118e2f13,Cupiditate necessitatibus fugiat cum earum incidunt maxime.,1,2025-03-23 00:45:00
4f7ea6a0-51a0-4f61-898a-02e1ead48271,fd315413-4757-4f56-8c92-c321de95bf3e,restaurante,fce40cc3-9029-4442-bb18-4ec99091508e,Delectus libero maxime quis sed.,5,2024-06-06 17:45:00
87131420-1d6f-4187-8c3e-89180970d1c9,39507950-b2b7-4cd3-854d-f06cec011a20,restaurante,ecca5d81-9402-4b4e-afc6-01bb7401a24a,Ratione repellendus adipisci laboriosam.,1,2024-12-27 22:45:00
a1d62c2a-5ad1-4076-8a2f-59325b76be30,f33fe30d-d069-4539-bb8d-5c64a5a081d1,orden,f2a519ce-ed6a-4fa5-8d12-15d4aa85963d,Sit velit nemo quae quam natus.,1,2024-08-31 07:30:00
eb97201e-2f8d-4524-b1f9-775fe994eed2,c5d71192-0a62-4175-aff5-3a1b7266039c,restaurante,cd9f40e8-875f-438f-8cc6-b943416e9089,Iste nemo assumenda nobis.,2,2024-12-31 02:00:00
85878404-c1fe-402e-92d8-ed33e7c43c67,2dee7331-b15b-4909-a738-6989219bff8d,orden,7097e07f-bef4-4fe5-b774-5fe4717b1238,Deserunt odio debitis eos assumenda illum sint.,5,2024-06-15 20:45:00
73e6ed75-454e-40a5-a83a-3e0479446015,9e1a5a3d-f513-43ff-bfbd-56682dbf3e25,orden,e9858dc8-6c5e-4e1e-bc4f-16180aa9094b,Necessitatibus veritatis quae eaque sed molestiae.,5,2024-06-10 11:00:00
fb0c6aac-f3ad-48fa-a5c0-a0a8ea98e400,2d616741-9cca-4efa-9169-10f057f0c505,restaurante,5b661cf5-e4eb-47c1-9450-7ae9a7cfa45f,Eligendi ad voluptatum exercitationem eveniet sunt ea.,3,2024-05-24 11:45:00
9611e8c0-95e0-487d-8a03-f9c92043fca8,2868b2c8-3288-47e8-ac20-bbff92acdeec,restaurante,33ab7c3c-3487-4c41-bc6e-11ae15ee1cbd,Odio repudiandae eius.,5,2024-08-02 13:30:00
4309a750-e32a-4dbf-bb59-ee82fb221c45,a292fa58-b97d-47bc-8981-ea59fe94f71e,orden,9e58f91d-3c34-4605-8b0c-e74fbfc8e51d,Quasi assumenda nihil sed numquam quibusdam.,2,2024-07-07 03:30:00
6d7508f2-7c0d-46b4-bbe6-2761757bffea,9a08bff3-1cfb-4b10-933d-980c5623b5af,restaurante,d5b76736-244a-4d37-915e-ddf5289605dd,Officiis similique rerum.,1,2024-11-03 12:00:00
e5628ba1-3c47-47bc-8257-07cb5ef4228f,584fc9b2-91d8-488f-ae76-e49a38d50dd2,orden,6b764848-599d-4158-a677-3fce8f3e9cd6,Sint rerum harum vero.,3,2024-05-28 00:30:00
c3892b1a-795c-4d7a-a222-f320e45fc56b,5dde1c3e-a5a1-42e7-bbd5-3b64746afc21,orden,6bed0da9-b587-48dd-aac9-19b79a2359a2,Similique veritatis asperiores blanditiis ea accusamus enim.,4,2024-11-26 01:15:00
cb071cea-419b-4f69-a238-d58b96bd01ac,2d2b4306-f6be-4122-bfee-6c819a4ddbdf,orden,4b216a7a-8adc-4208-942d-088c79f103d1,Ab fugit at non eligendi.,4,2025-02-28 14:45:00
91de5778-1ab4-42b0-839b-69136248b135,e0d0ec8f-7e7c-4e2c-95f5-f52789af2bf3,orden,2d40bbfc-6240-4c1d-999a-d50936c709de,Tempore non nemo magnam quia.,1,2024-09-03 21:45:00
17483126-5d7c-409e-a788-b26ad710f9fe,d3f5ba7d-a2ed-4e02-94ba-c35b76877ef8,restaurante,acc44ee7-0f72-4e8b-b6f9-dbf5cb80b67d,Voluptas deserunt at laboriosam.,1,2024-07-11 04:00:00
f72f2de8-3fbe-4edc-b00f-f3a286b32706,6b6f0d59-d92f-44b6-a33c-d879ce23b1c8,orden,d9fda04c-725c-4e3c-ad10-b08ff528e07c,Ducimus eos repellendus est velit.,4,2025-04-23 12:15:00
379cdb77-4514-4669-9b8a-21e110c2375c,69168234-1c5a-4612-89b9-22c298ed07ae,restaurante,1a5a29a6-d27b-4a55-9dc9-6d5df0bc439e,Commodi rerum neque maxime voluptates vitae porro vel.,4,2024-08-01 14:45:00
94c7faef-303a-4128-9560-c0f672f8535a,8010b0d4-dc44-4271-853b-0ae4308ed4d7,orden,900de4f1-0639-4efa-aae4-a1342a6299af,Mollitia et veniam suscipit vel blanditiis eaque quam.,5,2024-05-27 08:00:00
1675bb72-6eb8-4895-b997-3bc2cda496ad,40585842-2215-404f-8f87-c32a8b889150,orden,41179cd4-c0aa-49ab-892b-f7aa8aa1c69d,Natus neque error voluptatibus incidunt vel.,1,2025-02-10 11:45:00
5f54ffcb-a82b-42aa-b1d2-5e2510585289,efe3a217-a047-4f3b-84c6-9db71a88c847,restaurante,27c5ab57-3c56-413f-b1ff-be5aca5ecc8b,Saepe sed consectetur explicabo ex natus iusto.,1,2025-01-05 15:15:00
2ca05584-035e-4d1a-bf1b-a257a6570721,d0976631-2581-492b-937f-5dbad3ee1e2e,orden,a746be9d-6cc9-4078-b65d-e267b0842bbb,Dolores consectetur quam cupiditate illum pariatur.,5,2025-01-18 13:00:00
4b35db19-efb5-45aa-ad9d-71e39488af73,5a1f877e-04f7-41df-ab43-e6ec1f8a181a,orden,f80a4b47-c297-40d4-ada4-1696cf3b1fc7,Saepe qui illum dicta quasi recusandae.,3,2024-06-17 09:45:00
12b81d3d-2185-449c-bb66-5ad28e4248b4,42f90331-188e-4be1-acfc-5a5c7f0561b8,orden,dfc006f5-1dd8-4ee5-acc7-d98398c3138f,Quaerat numquam molestiae consequuntur.,5,2024-08-02 12:00:00
7865e8ac-926c-48fe-9c50-262c65eefa9e,69168234-1c5a-4612-89b9-22c298ed07ae,restaurante,3069a6f6-40c5-426b-bcd9-11270b180ad0,Commodi officiis laudantium quaerat dicta.,5,2024-10-11 18:30:00
e8fcfdce-f7a0-47ff-a24f-3a6ee1d3d6fa,d3f5ba7d-a2ed-4e02-94ba-c35b76877ef8,restaurante,7dee3f5f-228f-475a-8ce2-59dffa86f48f,Sit porro fugiat libero.,1,2024-09-10 04:45:00
e5496fe9-6d1f-4c20-b6c6-16d12c21a047,46adacac-7b2f-4d28-917d-8f3a476eb55e,orden,c023f92a-af8a-41f8-84ed-226f7747569d,Aspernatur accusamus voluptatibus omnis.,2,2024-07-26 00:15:00
b22c9b4f-cc45-4820-849c-780887a5b802,a292fa58-b97d-47bc-8981-ea59fe94f71e,orden,7dee3f5f-228f-475a-8ce2-59dffa86f48f,Natus nobis accusantium quod debitis doloremque.,3,2025-03-14 22:15:00
e1dadb1f-5080-440c-9bc4-53b5fa032617,25190d89-58a7-4067-874a-363124dd8f73,orden,859c4951-ccd4-471f-9808-c3d7cc2329b6,Assumenda ad ipsum esse voluptates deleniti quidem a.,5,2024-05-12 00:15:00
782ddabb-35d1-4dd4-92a9-ebcd33c0b50a,d7ecca77-12cf-49af-9178-bfb73002016e,restaurante,9822c96c-f690-44bf-886c-b400fb2e614e,Veritatis a aperiam id quo officia.,2,2024-06-08 00:45:00
1243951f-f870-491f-bb85-a95c5a5ec058,295d8818-fe5a-40d6-b108-f123e715b74f,restaurante,519c6235-12da-46f8-a2a0-23192edc51f6,Mollitia molestias labore iste asperiores quos voluptates occaecati.,1,2024-05-25 19:30:00
2ae0a15b-1b86-4193-9389-2fd1d0cf993e,2a9555c2-bae5-4c86-881d-5f1649d51893,orden,e07a7a02-d249-4de1-b986-c97557340ed9,Atque voluptates repellat ad.,3,2024-11-26 03:15:00
66ca856a-e42f-438a-83d2-81900bba01a1,67747616-0aea-4292-8edc-334f61cca217,restaurante,78284e4d-46fe-4971-88b4-b08c7c109a94,Veniam vero possimus fuga labore facilis.,2,2025-04-08 09:45:00
a244af98-cc59-4e50-9a90-79ec9784fd2d,79eaebd7-50c5-4fb1-9107-b6fe5d180a6b,restaurante,31570bbc-3dc6-4d85-ab41-8602204f449a,Consequuntur harum omnis omnis neque pariatur.,5,2025-02-13 07:30:00
7283513f-c3c4-4717-8f48-3253df514b08,641b1db8-0ff4-4f56-a98d-5976b3311992,restaurante,813f5391-97f5-46f8-9812-176f943265be,Quos corporis odit consequuntur odit explicabo.,4,2024-05-24 20:30:00
49e37307-81a8-4995-a739-a3a84d98c7e4,2392b6ac-9b83-48db-bad5-706503e70a4d,orden,754eef8d-6815-49d1-a0c0-13f0ce68eddb,Perferendis in voluptatibus sit sequi.,5,2024-10-26 22:00:00
50a496dc-37af-417c-ae72-24455f5e044f,b5bf4a77-f5ed-47fb-a20f-6ff52ad3462b,restaurante,37808cf2-50cf-4363-b16a-4ed61abcfff7,Inventore fuga iure sint.,5,2024-11-07 18:30:00
ce64d294-962c-4b98-8ca0-55826c299c8f,9a08bff3-1cfb-4b10-933d-980c5623b5af,restaurante,9f689e2c-a89a-447d-a9a2-6b842587b486,Neque quia dignissimos sint ratione excepturi.,4,2024-10-14 09:00:00
b998e140-59d3-4033-a670-dd4df0d72e03,a87e94ab-7f46-4dac-ad98-4a7bda1e0f3d,orden,84a36966-9ba9-4987-9d6e-75fb9b6c66e0,Eligendi nostrum dolores ratione reiciendis labore.,3,2025-02-05 14:00:00
32b8cfdc-b16a-4a4f-898f-c73ba7c25222,69168234-1c5a-4612-89b9-22c298ed07ae,restaurante,2c7ea37b-4d02-4e1e-b35b-e5f3e3a6dcf2,Ipsam aspernatur reprehenderit sapiente facere.,2,2025-03-10 10:45:00
a6944cb5-8653-4eac-aa2d-1b7c4d34bafb,f3698570-1172-4be4-bd12-ad40c5cde377,orden,647223a9-d1f4-470c-8c1e-aef528c85aa7,Quidem ea quibusdam dolorem labore soluta aliquid.,1,2024-05-20 02:00:00
5bcd3718-38d4-42ec-91d6-4142ade2f63b,4d599e9b-fbc7-4088-9c99-f702377a5b91,orden,a7efd02c-473e-4717-9719-41cfaaed5205,Officiis possimus illo molestiae officiis numquam necessitatibus.,5,2024-08-17 00:15:00
2d739b6a-3235-40f8-81b0-1baf23c4c582,3d9fcecd-49ad-47fa-8b7e-3af12b1e7cfd,orden,6f35cb11-24b0-4353-8ea2-4db04bf75ab9,Optio laborum modi voluptatibus.,2,2025-04-08 12:15:00
b9e4ce8d-d114-4d2f-ba4a-7a0a2a064371,7de59582-d0e7-46f1-bacf-168e35e7add7,orden,d21b09f5-1d70-4d0b-bffe-11516097c26c,Nostrum itaque unde id veritatis nulla sint.,1,2024-11-18 16:30:00
80222d2b-4685-408b-ac59-30d79ff6f2c3,1cc2ebcb-ce3c-44dc-90bf-156ad85495be,orden,5419d682-fc58-41ae-970c-b64b2d5db6c2,Soluta tempore minus totam eius quasi rerum id.,2,2025-03-08 02:45:00
091db61f-b183-4803-a895-7ef4ed054c5e,37e475c4-268e-41d2-a709-c9da9e3240af,restaurante,db8d5b45-f1b3-459c-9098-c914d379cfee,Dicta cum possimus praesentium.,4,2024-07-06 13:30:00
63bf7536-094a-4788-9088-b1b5b320e570,96e385b5-44bc-4f75-9fb4-606cfe205873,restaurante,36f41145-494c-477f-87ca-1d095e20139b,Ut vel mollitia eligendi distinctio maiores.,5,2024-10-25 08:30:00
2efde48d-38b8-48e6-9f92-609ae6530a02,c188b912-2853-432e-96b2-6afae90ed408,orden,d04d3085-cf11-4a79-aee1-4537f48bb319,Maiores nihil voluptas autem veritatis itaque nam.,2,2024-11-18 10:15:00
9ce068cd-8c9a-48bd-88e6-301c751cdd91,5e339206-f9be-4117-bd18-4d80a25a1b23,restaurante,b82540f2-33aa-4b83-b268-711d7dc95a90,Odio ut sit praesentium.,1,2025-02-25 17:15:00
ebd33bc6-f78d-40e4-8e79-881ecbf3aeec,4eeee27e-3b67-4c83-8768-0be60360a338,orden,7c3b34b7-b38b-4e72-800d-0694c1131119,Et eius natus maiores.,5,2024-07-14 12:00:00
20196ebb-113e-4b71-bcdc-780f51cbf421,87bf87f6-1aab-48b9-9081-1d9acbf9e4ac,orden,723b0f42-181d-4308-96f9-277442052da0,Temporibus consectetur debitis autem nemo enim.,5,2025-03-14 00:30:00
ae41e637-ccbc-4b18-9343-b286755dc28b,ece24d7f-f3cc-43bd-825f-f375a4dba65f,orden,f2b0c2f3-3e8c-430b-964f-c2bd2d38c4fd,Eius laboriosam non odio.,5,2024-07-27 00:15:00
34aa9571-bc8b-4b33-8b47-f5274d761550,9ee070aa-f211-4084-be78-ca9f041cc7d1,orden,42a803f3-1308-4001-984d-e82c431fdf67,Doloremque ipsam temporibus aperiam odit.,4,2024-12-17 14:15:00
dba76d8a-8e8c-4d3c-ada2-25f9aba60196,295d8818-fe5a-40d6-b108-f123e715b74f,restaurante,b34f3dc0-51a7-481d-9eb9-0a22067a7e55,Officia dolorem nostrum ad quas suscipit laborum.,3,2024-11-29 09:30:00
15d6405e-e88e-4dd9-a65c-91bce268ea0a,67747616-0aea-4292-8edc-334f61cca217,restaurante,d87cc97a-2099-44bf-bfbb-5db97635b256,Molestias iure eaque tempore reiciendis ipsum amet.,2,2025-03-13 16:00:00
5099e1a8-f3ba-4c93-8b91-75c11695f17b,1072aa71-55db-48f7-98f5-f922ac8ffcdc,restaurante,c465d8c1-341c-4d3b-9c2a-d68672629c18,Enim beatae amet nobis at.,5,2024-12-27 22:30:00
4c4b950f-8d5c-4e97-8829-9b986bbcf380,5075f7de-b921-4b6f-9422-304ca0607b15,restaurante,893f29bf-5a5b-4899-a8c8-5149d45b4dde,Nam explicabo nulla fugiat dicta dolorum debitis.,5,2025-03-07 10:30:00
7129f34d-251b-4906-a728-ff4e666a9a03,15962fe0-b996-40ac-b21b-e22cf259d441,restaurante,a4bf20bc-a4f6-4fed-aa56-39af639b29ae,Aliquam perspiciatis porro aliquam libero dolor tempore ad.,2,2024-10-17 05:45:00
35a241eb-7e00-44c7-8a31-24b52249dced,11f3963d-0a9b-40aa-8134-f3414a4b1890,restaurante,3205ddaa-c2cb-4c1d-bd9f-a4ec2182438c,Saepe nam expedita sunt fuga numquam excepturi.,5,2025-02-27 04:00:00
3e7cbe04-d352-4e7d-8514-5fe8d00a16a7,11f3963d-0a9b-40aa-8134-f3414a4b1890,restaurante,b32d9948-5bf0-4fe3-89f9-bc65363085b3,Laudantium reiciendis illum quae.,5,2024-10-07 18:30:00
d2a895b0-32a6-48b5-9efe-95dbb2a5003c,28932f59-ceaa-48d6-af14-d48be861b8da,orden,51652e4b-c61d-4777-990a-b61bc34658cf,Saepe inventore enim eos incidunt.,3,2025-01-29 14:15:00
4da52cd2-eff7-4f8d-8d4d-2683f3865494,d7ecca77-12cf-49af-9178-bfb73002016e,restaurante,6b31ffff-9bae-4fec-bfc5-8ae50b00f890,Iusto voluptatum excepturi ut quaerat natus.,1,2025-01-29 18:15:00
e34b960c-2721-4b92-ac2c-52759cb1bd4a,46c18ecc-4db3-4f90-bf80-5f8eb10123eb,orden,57fac0bc-ef5a-4790-abdb-75e6a9d6b011,Delectus reprehenderit beatae qui laboriosam aliquid nemo.,3,2024-05-17 09:15:00
56aef9e6-0c42-4ba6-9d1e-e6edc0e106fd,42770909-9b94-47aa-a84f-831f28eaa8e4,restaurante,75465073-e5c6-4a98-ab01-24ea511bdd8f,Eius ad earum quas mollitia laudantium.,5,2024-11-28 08:00:00
65b69537-128a-4c99-8d69-05057880a5c3,0a685dc4-e975-4d54-a8ca-dde068140a80,restaurante,5f0d4b32-7387-4d57-ab0c-1277fe1c6711,Esse adipisci eum animi provident error id.,1,2024-10-02 04:45:00
